specification_id,extraction,normalisation,abstention,max_chars,subsample_seed,value,decision,outcome
0,last_number,exact,wrong,200,,0.03833333333333333,True,A_wins
1,last_number,exact,wrong,200,1,0.03750000000000009,True,A_wins
2,last_number,exact,wrong,200,2,0.039583333333333415,True,A_wins
3,last_number,exact,wrong,4000,,0.03833333333333333,True,A_wins
4,last_number,exact,wrong,4000,1,0.03750000000000009,True,A_wins
5,last_number,exact,wrong,4000,2,0.039583333333333415,True,A_wins
6,last_number,exact,excluded,200,,0.0676655346031444,True,A_wins
7,last_number,exact,excluded,200,1,0.06652729037556937,True,A_wins
8,last_number,exact,excluded,200,2,0.07007478741932183,True,A_wins
9,last_number,exact,excluded,4000,,0.0676655346031444,True,A_wins
10,last_number,exact,excluded,4000,1,0.06652729037556937,True,A_wins
11,last_number,exact,excluded,4000,2,0.07007478741932183,True,A_wins
12,last_number,strip_punct,wrong,200,,0.03833333333333333,True,A_wins
13,last_number,strip_punct,wrong,200,1,0.03750000000000009,True,A_wins
14,last_number,strip_punct,wrong,200,2,0.039583333333333415,True,A_wins
15,last_number,strip_punct,wrong,4000,,0.03833333333333333,True,A_wins
16,last_number,strip_punct,wrong,4000,1,0.03750000000000009,True,A_wins
17,last_number,strip_punct,wrong,4000,2,0.039583333333333415,True,A_wins
18,last_number,strip_punct,excluded,200,,0.0676655346031444,True,A_wins
19,last_number,strip_punct,excluded,200,1,0.06652729037556937,True,A_wins
20,last_number,strip_punct,excluded,200,2,0.07007478741932183,True,A_wins
21,last_number,strip_punct,excluded,4000,,0.0676655346031444,True,A_wins
22,last_number,strip_punct,excluded,4000,1,0.06652729037556937,True,A_wins
23,last_number,strip_punct,excluded,4000,2,0.07007478741932183,True,A_wins
24,last_number,numeric_tolerant,wrong,200,,0.03833333333333333,True,A_wins
25,last_number,numeric_tolerant,wrong,200,1,0.03750000000000009,True,A_wins
26,last_number,numeric_tolerant,wrong,200,2,0.039583333333333415,True,A_wins
27,last_number,numeric_tolerant,wrong,4000,,0.03833333333333333,True,A_wins
28,last_number,numeric_tolerant,wrong,4000,1,0.03750000000000009,True,A_wins
29,last_number,numeric_tolerant,wrong,4000,2,0.039583333333333415,True,A_wins
30,last_number,numeric_tolerant,excluded,200,,0.0676655346031444,True,A_wins
31,last_number,numeric_tolerant,excluded,200,1,0.06652729037556937,True,A_wins
32,last_number,numeric_tolerant,excluded,200,2,0.07007478741932183,True,A_wins
33,last_number,numeric_tolerant,excluded,4000,,0.0676655346031444,True,A_wins
34,last_number,numeric_tolerant,excluded,4000,1,0.06652729037556937,True,A_wins
35,last_number,numeric_tolerant,excluded,4000,2,0.07007478741932183,True,A_wins
36,first_number,exact,wrong,200,,-0.10333333333333339,False,B_wins
37,first_number,exact,wrong,200,1,-0.1166666666666667,False,B_wins
38,first_number,exact,wrong,200,2,-0.09999999999999998,False,B_wins
39,first_number,exact,wrong,4000,,-0.10333333333333339,False,B_wins
40,first_number,exact,wrong,4000,1,-0.1166666666666667,False,B_wins
41,first_number,exact,wrong,4000,2,-0.09999999999999998,False,B_wins
42,first_number,exact,excluded,200,,-0.08547475419180162,False,B_wins
43,first_number,exact,excluded,200,1,-0.09974426939445974,False,B_wins
44,first_number,exact,excluded,200,2,-0.08174926190498372,False,B_wins
45,first_number,exact,excluded,4000,,-0.08547475419180162,False,B_wins
46,first_number,exact,excluded,4000,1,-0.09974426939445974,False,B_wins
47,first_number,exact,excluded,4000,2,-0.08174926190498372,False,B_wins
48,first_number,strip_punct,wrong,200,,-0.10333333333333339,False,B_wins
49,first_number,strip_punct,wrong,200,1,-0.1166666666666667,False,B_wins
50,first_number,strip_punct,wrong,200,2,-0.09999999999999998,False,B_wins
51,first_number,strip_punct,wrong,4000,,-0.10333333333333339,False,B_wins
52,first_number,strip_punct,wrong,4000,1,-0.1166666666666667,False,B_wins
53,first_number,strip_punct,wrong,4000,2,-0.09999999999999998,False,B_wins
54,first_number,strip_punct,excluded,200,,-0.08547475419180162,False,B_wins
55,first_number,strip_punct,excluded,200,1,-0.09974426939445974,False,B_wins
56,first_number,strip_punct,excluded,200,2,-0.08174926190498372,False,B_wins
57,first_number,strip_punct,excluded,4000,,-0.08547475419180162,False,B_wins
58,first_number,strip_punct,excluded,4000,1,-0.09974426939445974,False,B_wins
59,first_number,strip_punct,excluded,4000,2,-0.08174926190498372,False,B_wins
60,first_number,numeric_tolerant,wrong,200,,-0.10333333333333339,False,B_wins
61,first_number,numeric_tolerant,wrong,200,1,-0.1166666666666667,False,B_wins
62,first_number,numeric_tolerant,wrong,200,2,-0.09999999999999998,False,B_wins
63,first_number,numeric_tolerant,wrong,4000,,-0.10333333333333339,False,B_wins
64,first_number,numeric_tolerant,wrong,4000,1,-0.1166666666666667,False,B_wins
65,first_number,numeric_tolerant,wrong,4000,2,-0.09999999999999998,False,B_wins
66,first_number,numeric_tolerant,excluded,200,,-0.08547475419180162,False,B_wins
67,first_number,numeric_tolerant,excluded,200,1,-0.09974426939445974,False,B_wins
68,first_number,numeric_tolerant,excluded,200,2,-0.08174926190498372,False,B_wins
69,first_number,numeric_tolerant,excluded,4000,,-0.08547475419180162,False,B_wins
70,first_number,numeric_tolerant,excluded,4000,1,-0.09974426939445974,False,B_wins
71,first_number,numeric_tolerant,excluded,4000,2,-0.08174926190498372,False,B_wins
72,after_answer_is,exact,wrong,200,,-0.011666666666666659,False,B_wins
73,after_answer_is,exact,wrong,200,1,0.0,False,tie
74,after_answer_is,exact,wrong,200,2,-0.02083333333333337,False,B_wins
75,after_answer_is,exact,wrong,4000,,-0.011666666666666659,False,B_wins
76,after_answer_is,exact,wrong,4000,1,0.0,False,tie
77,after_answer_is,exact,wrong,4000,2,-0.02083333333333337,False,B_wins
78,after_answer_is,exact,excluded,200,,0.002173086970978011,True,A_wins
79,after_answer_is,exact,excluded,200,1,0.01369185395355782,True,A_wins
80,after_answer_is,exact,excluded,200,2,-0.006896648070708111,False,B_wins
81,after_answer_is,exact,excluded,4000,,0.002173086970978011,True,A_wins
82,after_answer_is,exact,excluded,4000,1,0.01369185395355782,True,A_wins
83,after_answer_is,exact,excluded,4000,2,-0.006896648070708111,False,B_wins
84,after_answer_is,strip_punct,wrong,200,,-0.011666666666666659,False,B_wins
85,after_answer_is,strip_punct,wrong,200,1,0.0,False,tie
86,after_answer_is,strip_punct,wrong,200,2,-0.02083333333333337,False,B_wins
87,after_answer_is,strip_punct,wrong,4000,,-0.011666666666666659,False,B_wins
88,after_answer_is,strip_punct,wrong,4000,1,0.0,False,tie
89,after_answer_is,strip_punct,wrong,4000,2,-0.02083333333333337,False,B_wins
90,after_answer_is,strip_punct,excluded,200,,0.002173086970978011,True,A_wins
91,after_answer_is,strip_punct,excluded,200,1,0.01369185395355782,True,A_wins
92,after_answer_is,strip_punct,excluded,200,2,-0.006896648070708111,False,B_wins
93,after_answer_is,strip_punct,excluded,4000,,0.002173086970978011,True,A_wins
94,after_answer_is,strip_punct,excluded,4000,1,0.01369185395355782,True,A_wins
95,after_answer_is,strip_punct,excluded,4000,2,-0.006896648070708111,False,B_wins
96,after_answer_is,numeric_tolerant,wrong,200,,-0.011666666666666659,False,B_wins
97,after_answer_is,numeric_tolerant,wrong,200,1,0.0,False,tie
98,after_answer_is,numeric_tolerant,wrong,200,2,-0.02083333333333337,False,B_wins
99,after_answer_is,numeric_tolerant,wrong,4000,,-0.011666666666666659,False,B_wins
100,after_answer_is,numeric_tolerant,wrong,4000,1,0.0,False,tie
101,after_answer_is,numeric_tolerant,wrong,4000,2,-0.02083333333333337,False,B_wins
102,after_answer_is,numeric_tolerant,excluded,200,,0.002173086970978011,True,A_wins
103,after_answer_is,numeric_tolerant,excluded,200,1,0.01369185395355782,True,A_wins
104,after_answer_is,numeric_tolerant,excluded,200,2,-0.006896648070708111,False,B_wins
105,after_answer_is,numeric_tolerant,excluded,4000,,0.002173086970978011,True,A_wins
106,after_answer_is,numeric_tolerant,excluded,4000,1,0.01369185395355782,True,A_wins
107,after_answer_is,numeric_tolerant,excluded,4000,2,-0.006896648070708111,False,B_wins
108,boxed_else_last,exact,wrong,200,,0.03833333333333333,True,A_wins
109,boxed_else_last,exact,wrong,200,1,0.03750000000000009,True,A_wins
110,boxed_else_last,exact,wrong,200,2,0.039583333333333415,True,A_wins
111,boxed_else_last,exact,wrong,4000,,0.03833333333333333,True,A_wins
112,boxed_else_last,exact,wrong,4000,1,0.03750000000000009,True,A_wins
113,boxed_else_last,exact,wrong,4000,2,0.039583333333333415,True,A_wins
114,boxed_else_last,exact,excluded,200,,0.0676655346031444,True,A_wins
115,boxed_else_last,exact,excluded,200,1,0.06652729037556937,True,A_wins
116,boxed_else_last,exact,excluded,200,2,0.07007478741932183,True,A_wins
117,boxed_else_last,exact,excluded,4000,,0.0676655346031444,True,A_wins
118,boxed_else_last,exact,excluded,4000,1,0.06652729037556937,True,A_wins
119,boxed_else_last,exact,excluded,4000,2,0.07007478741932183,True,A_wins
120,boxed_else_last,strip_punct,wrong,200,,0.03833333333333333,True,A_wins
121,boxed_else_last,strip_punct,wrong,200,1,0.03750000000000009,True,A_wins
122,boxed_else_last,strip_punct,wrong,200,2,0.039583333333333415,True,A_wins
123,boxed_else_last,strip_punct,wrong,4000,,0.03833333333333333,True,A_wins
124,boxed_else_last,strip_punct,wrong,4000,1,0.03750000000000009,True,A_wins
125,boxed_else_last,strip_punct,wrong,4000,2,0.039583333333333415,True,A_wins
126,boxed_else_last,strip_punct,excluded,200,,0.0676655346031444,True,A_wins
127,boxed_else_last,strip_punct,excluded,200,1,0.06652729037556937,True,A_wins
128,boxed_else_last,strip_punct,excluded,200,2,0.07007478741932183,True,A_wins
129,boxed_else_last,strip_punct,excluded,4000,,0.0676655346031444,True,A_wins
130,boxed_else_last,strip_punct,excluded,4000,1,0.06652729037556937,True,A_wins
131,boxed_else_last,strip_punct,excluded,4000,2,0.07007478741932183,True,A_wins
132,boxed_else_last,numeric_tolerant,wrong,200,,0.03833333333333333,True,A_wins
133,boxed_else_last,numeric_tolerant,wrong,200,1,0.03750000000000009,True,A_wins
134,boxed_else_last,numeric_tolerant,wrong,200,2,0.039583333333333415,True,A_wins
135,boxed_else_last,numeric_tolerant,wrong,4000,,0.03833333333333333,True,A_wins
136,boxed_else_last,numeric_tolerant,wrong,4000,1,0.03750000000000009,True,A_wins
137,boxed_else_last,numeric_tolerant,wrong,4000,2,0.039583333333333415,True,A_wins
138,boxed_else_last,numeric_tolerant,excluded,200,,0.0676655346031444,True,A_wins
139,boxed_else_last,numeric_tolerant,excluded,200,1,0.06652729037556937,True,A_wins
140,boxed_else_last,numeric_tolerant,excluded,200,2,0.07007478741932183,True,A_wins
141,boxed_else_last,numeric_tolerant,excluded,4000,,0.0676655346031444,True,A_wins
142,boxed_else_last,numeric_tolerant,excluded,4000,1,0.06652729037556937,True,A_wins
143,boxed_else_last,numeric_tolerant,excluded,4000,2,0.07007478741932183,True,A_wins
