specification_id,view_heading_deg,eye_height_m,hour,cloud_cover,month,blind_coverage,action_spectrum,value,decision,outcome
0,0,1.2,9.0,0.15,1,0.0,cie_s026,439.5688542269531,True,pass
1,0,1.2,9.0,0.15,1,0.0,analytic,444.01609033280454,True,pass
2,0,1.2,9.0,0.15,1,0.5,cie_s026,168.53004014132173,False,fail
3,0,1.2,9.0,0.15,1,0.5,analytic,170.23510380138285,False,fail
4,0,1.2,9.0,0.15,7,0.0,cie_s026,747.252456226029,True,pass
5,0,1.2,9.0,0.15,7,0.0,analytic,754.8126099347328,True,pass
6,0,1.2,9.0,0.15,7,0.5,cie_s026,291.4572455023222,True,pass
7,0,1.2,9.0,0.15,7,0.5,analytic,294.40599670033293,True,pass
8,0,1.2,9.0,0.5,1,0.0,cie_s026,381.92931829176285,True,pass
9,0,1.2,9.0,0.5,1,0.0,analytic,385.79339973851927,True,pass
10,0,1.2,9.0,0.5,1,0.5,cie_s026,147.23307302399203,False,fail
11,0,1.2,9.0,0.5,1,0.5,analytic,148.7226695502957,False,fail
12,0,1.2,9.0,0.5,7,0.0,cie_s026,722.8831402557425,True,pass
13,0,1.2,9.0,0.5,7,0.0,analytic,730.1967430525339,True,pass
14,0,1.2,9.0,0.5,7,0.5,cie_s026,284.2766015054397,True,pass
15,0,1.2,9.0,0.5,7,0.5,analytic,287.15270420040224,True,pass
16,0,1.2,9.0,0.85,1,0.0,cie_s026,331.8936702162119,True,pass
17,0,1.2,9.0,0.85,1,0.0,analytic,335.25152757870603,True,pass
18,0,1.2,9.0,0.85,1,0.5,cie_s026,129.07192145303307,False,fail
19,0,1.2,9.0,0.85,1,0.5,analytic,130.37777673331001,False,fail
20,0,1.2,9.0,0.85,7,0.0,cie_s026,729.4394588931215,True,pass
21,0,1.2,9.0,0.85,7,0.0,analytic,736.8193937256912,True,pass
22,0,1.2,9.0,0.85,7,0.5,cie_s026,289.82694802791013,True,pass
23,0,1.2,9.0,0.85,7,0.5,analytic,292.7592050686989,True,pass
24,0,1.2,11.0,0.15,1,0.0,cie_s026,774.3655652249529,True,pass
25,0,1.2,11.0,0.15,1,0.0,analytic,782.2000295362446,True,pass
26,0,1.2,11.0,0.15,1,0.5,cie_s026,313.8164771975994,True,pass
27,0,1.2,11.0,0.15,1,0.5,analytic,316.9914427452806,True,pass
28,0,1.2,11.0,0.15,7,0.0,cie_s026,1132.7398208030236,True,pass
29,0,1.2,11.0,0.15,7,0.0,analytic,1144.2000536679525,True,pass
30,0,1.2,11.0,0.15,7,0.5,cie_s026,453.2781298724438,True,pass
31,0,1.2,11.0,0.15,7,0.5,analytic,457.86406640042344,True,pass
32,0,1.2,11.0,0.5,1,0.0,cie_s026,706.1441871202279,True,pass
33,0,1.2,11.0,0.5,1,0.0,analytic,713.2884374343705,True,pass
34,0,1.2,11.0,0.5,1,0.5,cie_s026,285.2807643636059,True,pass
35,0,1.2,11.0,0.5,1,0.5,analytic,288.1670264437843,True,pass
36,0,1.2,11.0,0.5,7,0.0,cie_s026,1110.9154005981911,True,pass
37,0,1.2,11.0,0.5,7,0.0,analytic,1122.1548299448752,True,pass
38,0,1.2,11.0,0.5,7,0.5,cie_s026,445.18827531665244,True,pass
39,0,1.2,11.0,0.5,7,0.5,analytic,449.69236461427073,True,pass
40,0,1.2,11.0,0.85,1,0.0,cie_s026,662.6119277765257,True,pass
41,0,1.2,11.0,0.85,1,0.0,analytic,669.3157505361204,True,pass
42,0,1.2,11.0,0.85,1,0.5,cie_s026,266.9113754376278,True,pass
43,0,1.2,11.0,0.85,1,0.5,analytic,269.61178947855484,True,pass
44,0,1.2,11.0,0.85,7,0.0,cie_s026,1143.9356415741759,True,pass
45,0,1.2,11.0,0.85,7,0.0,analytic,1155.5091455635015,True,pass
46,0,1.2,11.0,0.85,7,0.5,cie_s026,459.661911970785,True,pass
47,0,1.2,11.0,0.85,7,0.5,analytic,464.312434936058,True,pass
48,0,1.2,13.0,0.15,1,0.0,cie_s026,1504.9706824377388,True,pass
49,0,1.2,13.0,0.15,1,0.0,analytic,1520.1968748597556,True,pass
50,0,1.2,13.0,0.15,1,0.5,cie_s026,682.7980174469826,True,pass
51,0,1.2,13.0,0.15,1,0.5,analytic,689.706068294976,True,pass
52,0,1.2,13.0,0.15,7,0.0,cie_s026,2181.2822932273625,True,pass
53,0,1.2,13.0,0.15,7,0.0,analytic,2203.350911779865,True,pass
54,0,1.2,13.0,0.15,7,0.5,cie_s026,959.2846315164991,True,pass
55,0,1.2,13.0,0.15,7,0.5,analytic,968.9899716652484,True,pass
56,0,1.2,13.0,0.5,1,0.0,cie_s026,1200.9977194778553,True,pass
57,0,1.2,13.0,0.5,1,0.0,analytic,1213.1485358283455,True,pass
58,0,1.2,13.0,0.5,1,0.5,cie_s026,534.401891225349,True,pass
59,0,1.2,13.0,0.5,1,0.5,analytic,539.8085786256023,True,pass
60,0,1.2,13.0,0.5,7,0.0,cie_s026,1816.78413476726,True,pass
61,0,1.2,13.0,0.5,7,0.0,analytic,1835.165027596631,True,pass
62,0,1.2,13.0,0.5,7,0.5,cie_s026,785.0289757293327,True,pass
63,0,1.2,13.0,0.5,7,0.5,analytic,792.9713246274204,True,pass
64,0,1.2,13.0,0.85,1,0.0,cie_s026,883.291333017173,True,pass
65,0,1.2,13.0,0.85,1,0.0,analytic,892.2278285636737,True,pass
66,0,1.2,13.0,0.85,1,0.5,cie_s026,375.76841363718984,True,pass
67,0,1.2,13.0,0.85,1,0.5,analytic,379.5701635575857,True,pass
68,0,1.2,13.0,0.85,7,0.0,cie_s026,1444.5158602041845,True,pass
69,0,1.2,13.0,0.85,7,0.0,analytic,1459.1304149598275,True,pass
70,0,1.2,13.0,0.85,7,0.5,cie_s026,600.2454315243285,True,pass
71,0,1.2,13.0,0.85,7,0.5,analytic,606.3182756982907,True,pass
72,0,1.5,9.0,0.15,1,0.0,cie_s026,396.1132787003599,True,pass
73,0,1.5,9.0,0.15,1,0.0,analytic,400.12086308242783,True,pass
74,0,1.5,9.0,0.15,1,0.5,cie_s026,176.37847553665458,False,fail
75,0,1.5,9.0,0.15,1,0.5,analytic,178.1629439246188,False,fail
76,0,1.5,9.0,0.15,7,0.0,cie_s026,704.8353775564296,True,pass
77,0,1.5,9.0,0.15,7,0.0,analytic,711.9663862928493,True,pass
78,0,1.5,9.0,0.15,7,0.5,cie_s026,306.33647193619703,True,pass
79,0,1.5,9.0,0.15,7,0.5,analytic,309.43576026254965,True,pass
80,0,1.5,9.0,0.5,1,0.0,cie_s026,339.0952538596096,True,pass
81,0,1.5,9.0,0.5,1,0.0,analytic,342.52597157717724,True,pass
82,0,1.5,9.0,0.5,1,0.5,cie_s026,153.63144785813503,False,fail
83,0,1.5,9.0,0.5,1,0.5,analytic,155.18577846035774,False,fail
84,0,1.5,9.0,0.5,7,0.0,cie_s026,663.4277457809588,True,pass
85,0,1.5,9.0,0.5,7,0.0,analytic,670.1398223903207,True,pass
86,0,1.5,9.0,0.5,7,0.5,cie_s026,297.2057044474298,True,pass
87,0,1.5,9.0,0.5,7,0.5,analytic,300.21261434783236,True,pass
88,0,1.5,9.0,0.85,1,0.0,cie_s026,287.727209852323,True,pass
89,0,1.5,9.0,0.85,1,0.0,analytic,290.638223278289,True,pass
90,0,1.5,9.0,0.85,1,0.5,cie_s026,134.05310190819515,False,fail
91,0,1.5,9.0,0.85,1,0.5,analytic,135.4093531283958,False,fail
92,0,1.5,9.0,0.85,7,0.0,cie_s026,644.9839137528884,True,pass
93,0,1.5,9.0,0.85,7,0.0,analytic,651.5093891621499,True,pass
94,0,1.5,9.0,0.85,7,0.5,cie_s026,300.9405368486478,True,pass
95,0,1.5,9.0,0.85,7,0.5,analytic,303.9852330511149,True,pass
96,0,1.5,11.0,0.15,1,0.0,cie_s026,731.9159940968136,True,pass
97,0,1.5,11.0,0.15,1,0.0,analytic,739.3209847008952,True,pass
98,0,1.5,11.0,0.15,1,0.5,cie_s026,328.0570964339413,True,pass
99,0,1.5,11.0,0.15,1,0.5,analytic,331.37613814950504,True,pass
100,0,1.5,11.0,0.15,7,0.0,cie_s026,1075.6258363193572,True,pass
101,0,1.5,11.0,0.15,7,0.0,analytic,1086.508231670317,True,pass
102,0,1.5,11.0,0.15,7,0.5,cie_s026,475.0634546750258,True,pass
103,0,1.5,11.0,0.15,7,0.5,analytic,479.8697991825702,True,pass
104,0,1.5,11.0,0.5,1,0.0,cie_s026,651.5312797390607,True,pass
105,0,1.5,11.0,0.5,1,0.0,analytic,658.1229966077248,True,pass
106,0,1.5,11.0,0.5,1,0.5,cie_s026,297.3160755531117,True,pass
107,0,1.5,11.0,0.5,1,0.5,analytic,300.3241021076209,True,pass
108,0,1.5,11.0,0.5,7,0.0,cie_s026,1024.6545048704795,True,pass
109,0,1.5,11.0,0.5,7,0.0,analytic,1035.0212095772933,True,pass
110,0,1.5,11.0,0.5,7,0.5,cie_s026,464.4921205744508,True,pass
111,0,1.5,11.0,0.5,7,0.5,analytic,469.19151205689565,True,pass
112,0,1.5,11.0,0.85,1,0.0,cie_s026,589.4812747203121,True,pass
113,0,1.5,11.0,0.85,1,0.0,analytic,595.4452150301183,True,pass
114,0,1.5,11.0,0.85,1,0.5,cie_s026,276.84873228130454,True,pass
115,0,1.5,11.0,0.85,1,0.5,analytic,279.64968522922413,True,pass
116,0,1.5,11.0,0.85,7,0.0,cie_s026,1014.3983162086507,True,pass
117,0,1.5,11.0,0.85,7,0.0,analytic,1024.6612563013734,True,pass
118,0,1.5,11.0,0.85,7,0.5,cie_s026,476.72357286010254,True,pass
119,0,1.5,11.0,0.85,7,0.5,analytic,481.54671322900435,True,pass
120,0,1.5,13.0,0.15,1,0.0,cie_s026,1451.1830416361522,True,pass
121,0,1.5,13.0,0.15,1,0.0,analytic,1465.865050056229,True,pass
122,0,1.5,13.0,0.15,1,0.5,cie_s026,704.4733455513433,True,pass
123,0,1.5,13.0,0.15,1,0.5,analytic,711.6006915127756,True,pass
124,0,1.5,13.0,0.15,7,0.0,cie_s026,2059.505971587388,True,pass
125,0,1.5,13.0,0.15,7,0.0,analytic,2080.3425464015154,True,pass
126,0,1.5,13.0,0.15,7,0.5,cie_s026,991.0954026045872,True,pass
127,0,1.5,13.0,0.15,7,0.5,analytic,1001.1225808644253,True,pass
128,0,1.5,13.0,0.5,1,0.0,cie_s026,1137.7743555134762,True,pass
129,0,1.5,13.0,0.5,1,0.0,analytic,1149.2855241176533,True,pass
130,0,1.5,13.0,0.5,1,0.5,cie_s026,551.4978031853128,True,pass
131,0,1.5,13.0,0.5,1,0.5,analytic,557.0774545164719,True,pass
132,0,1.5,13.0,0.5,7,0.0,cie_s026,1685.8729776755506,True,pass
133,0,1.5,13.0,0.5,7,0.0,analytic,1702.9294071839229,True,pass
134,0,1.5,13.0,0.5,7,0.5,cie_s026,811.0943458545846,True,pass
135,0,1.5,13.0,0.5,7,0.5,analytic,819.3004050997969,True,pass
136,0,1.5,13.0,0.85,1,0.0,cie_s026,803.0792918108813,True,pass
137,0,1.5,13.0,0.85,1,0.0,analytic,811.2042606025941,True,pass
138,0,1.5,13.0,0.85,1,0.5,cie_s026,387.99069744879864,True,pass
139,0,1.5,13.0,0.85,1,0.5,analytic,391.9161034957382,True,pass
140,0,1.5,13.0,0.85,7,0.0,cie_s026,1288.7328715696763,True,pass
141,0,1.5,13.0,0.85,7,0.0,analytic,1301.7713280074547,True,pass
142,0,1.5,13.0,0.85,7,0.5,cie_s026,620.1564001698689,True,pass
143,0,1.5,13.0,0.85,7,0.5,analytic,626.4306889589611,True,pass
144,45,1.2,9.0,0.15,1,0.0,cie_s026,273.00287918611644,True,pass
145,45,1.2,9.0,0.15,1,0.0,analytic,275.7649226058057,True,pass
146,45,1.2,9.0,0.15,1,0.5,cie_s026,141.48389265383543,False,fail
147,45,1.2,9.0,0.15,1,0.5,analytic,142.91532317889641,False,fail
148,45,1.2,9.0,0.15,7,0.0,cie_s026,455.3856942231716,True,pass
149,45,1.2,9.0,0.15,7,0.0,analytic,459.992953545489,True,pass
150,45,1.2,9.0,0.15,7,0.5,cie_s026,236.00451678824723,False,fail
151,45,1.2,9.0,0.15,7,0.5,analytic,238.39223784289413,False,fail
152,45,1.2,9.0,0.5,1,0.0,cie_s026,244.3108088665091,False,fail
153,45,1.2,9.0,0.5,1,0.0,analytic,246.78256690803752,False,fail
154,45,1.2,9.0,0.5,1,0.5,cie_s026,126.626358956407,False,fail
155,45,1.2,9.0,0.5,1,0.5,analytic,127.90747182436439,False,fail
156,45,1.2,9.0,0.5,7,0.0,cie_s026,464.2790460849765,True,pass
157,45,1.2,9.0,0.5,7,0.0,analytic,468.9762818356089,True,pass
158,45,1.2,9.0,0.5,7,0.5,cie_s026,240.64693863134036,False,fail
159,45,1.2,9.0,0.5,7,0.5,analytic,243.0816283140888,False,fail
160,45,1.2,9.0,0.85,1,0.0,cie_s026,222.1256210330006,False,fail
161,45,1.2,9.0,0.85,1,0.0,analytic,224.3729255733323,False,fail
162,45,1.2,9.0,0.85,1,0.5,cie_s026,115.14521478478659,False,fail
163,45,1.2,9.0,0.85,1,0.5,analytic,116.31016983490606,False,fail
164,45,1.2,9.0,0.85,7,0.0,cie_s026,499.61648787024797,True,pass
165,45,1.2,9.0,0.85,7,0.0,analytic,504.6712420061906,True,pass
166,45,1.2,9.0,0.85,7,0.5,cie_s026,259.003744045132,True,pass
167,45,1.2,9.0,0.85,7,0.5,analytic,261.62415445636077,True,pass
168,45,1.2,11.0,0.15,1,0.0,cie_s026,513.1330720541981,True,pass
169,45,1.2,11.0,0.15,1,0.0,analytic,518.3245771010222,True,pass
170,45,1.2,11.0,0.15,1,0.5,cie_s026,265.9346830271039,True,pass
171,45,1.2,11.0,0.15,1,0.5,analytic,268.6252156087087,True,pass
172,45,1.2,11.0,0.15,7,0.0,cie_s026,725.6562018148388,True,pass
173,45,1.2,11.0,0.15,7,0.0,analytic,732.9978604198858,True,pass
174,45,1.2,11.0,0.15,7,0.5,cie_s026,376.0635771587374,True,pass
175,45,1.2,11.0,0.15,7,0.5,analytic,379.86831332772107,True,pass
176,45,1.2,11.0,0.5,1,0.0,cie_s026,477.98782551661884,True,pass
177,45,1.2,11.0,0.5,1,0.0,analytic,482.82375666905074,True,pass
178,45,1.2,11.0,0.5,1,0.5,cie_s026,247.7479340030611,False,fail
179,45,1.2,11.0,0.5,1,0.5,analytic,250.2544663623343,True,pass
180,45,1.2,11.0,0.5,7,0.0,cie_s026,739.2624691357636,True,pass
181,45,1.2,11.0,0.5,7,0.0,analytic,746.7417860000653,True,pass
182,45,1.2,11.0,0.5,7,0.5,cie_s026,383.1629372505621,True,pass
183,45,1.2,11.0,0.5,7,0.5,analytic,387.03949955150483,True,pass
184,45,1.2,11.0,0.85,1,0.0,cie_s026,463.956299941652,True,pass
185,45,1.2,11.0,0.85,1,0.0,analytic,468.65027038290725,True,pass
186,45,1.2,11.0,0.85,1,0.5,cie_s026,240.5120051207766,False,fail
187,45,1.2,11.0,0.85,1,0.5,analytic,242.9453296449741,False,fail
188,45,1.2,11.0,0.85,7,0.0,cie_s026,799.7530203743918,True,pass
189,45,1.2,11.0,0.85,7,0.0,analytic,807.8443363850033,True,pass
190,45,1.2,11.0,0.85,7,0.5,cie_s026,414.5728288890915,True,pass
191,45,1.2,11.0,0.85,7,0.5,analytic,418.76717349611096,True,pass
192,45,1.2,13.0,0.15,1,0.0,cie_s026,1234.9300667767986,True,pass
193,45,1.2,13.0,0.15,1,0.0,analytic,1247.4241857944662,True,pass
194,45,1.2,13.0,0.15,1,0.5,cie_s026,640.1689695073541,True,pass
195,45,1.2,13.0,0.15,1,0.5,analytic,646.6457308330528,True,pass
196,45,1.2,13.0,0.15,7,0.0,cie_s026,1718.1959050284343,True,pass
197,45,1.2,13.0,0.15,7,0.0,analytic,1735.579354270321,True,pass
198,45,1.2,13.0,0.15,7,0.5,cie_s026,890.582599201475,True,pass
199,45,1.2,13.0,0.15,7,0.5,analytic,899.5928624453919,True,pass
200,45,1.2,13.0,0.5,1,0.0,cie_s026,964.8018615855157,True,pass
201,45,1.2,13.0,0.5,1,0.0,analytic,974.5630210320411,True,pass
202,45,1.2,13.0,0.5,1,0.5,cie_s026,500.14726821240225,True,pass
203,45,1.2,13.0,0.5,1,0.5,analytic,505.20739239556093,True,pass
204,45,1.2,13.0,0.5,7,0.0,cie_s026,1405.5165908856409,True,pass
205,45,1.2,13.0,0.5,7,0.0,analytic,1419.7365795637572,True,pass
206,45,1.2,13.0,0.5,7,0.5,cie_s026,728.5375868548873,True,pass
207,45,1.2,13.0,0.5,7,0.5,analytic,735.9083972059276,True,pass
208,45,1.2,13.0,0.85,1,0.0,cie_s026,675.7955667201788,True,pass
209,45,1.2,13.0,0.85,1,0.0,analytic,682.6327718942756,True,pass
210,45,1.2,13.0,0.85,1,0.5,cie_s026,350.33401940781397,True,pass
211,45,1.2,13.0,0.85,1,0.5,analytic,353.8784427336169,True,pass
212,45,1.2,13.0,0.85,7,0.0,cie_s026,1074.773201751169,True,pass
213,45,1.2,13.0,0.85,7,0.0,analytic,1085.646970769302,True,pass
214,45,1.2,13.0,0.85,7,0.5,cie_s026,557.1252982970965,True,pass
215,45,1.2,13.0,0.85,7,0.5,analytic,562.7618845070714,True,pass
216,45,1.5,9.0,0.15,1,0.0,cie_s026,278.1162811808352,True,pass
217,45,1.5,9.0,0.15,1,0.0,analytic,280.93005826126034,True,pass
218,45,1.5,9.0,0.15,1,0.5,cie_s026,144.13359464493104,False,fail
219,45,1.5,9.0,0.15,1,0.5,analytic,145.59183291638087,False,fail
220,45,1.5,9.0,0.15,7,0.0,cie_s026,463.91509155796575,True,pass
221,45,1.5,9.0,0.15,7,0.0,analytic,468.60864508294037,True,pass
222,45,1.5,9.0,0.15,7,0.5,cie_s026,240.42435700226713,False,fail
223,45,1.5,9.0,0.15,7,0.5,analytic,242.85679476691948,False,fail
224,45,1.5,9.0,0.5,1,0.0,cie_s026,248.8852054270401,False,fail
225,45,1.5,9.0,0.5,1,0.0,analytic,251.40324386662414,True,pass
226,45,1.5,9.0,0.5,1,0.5,cie_s026,128.99698080931654,False,fail
227,45,1.5,9.0,0.5,1,0.5,analytic,130.30207789498226,False,fail
228,45,1.5,9.0,0.5,7,0.0,cie_s026,472.97056809093294,True,pass
229,45,1.5,9.0,0.5,7,0.0,analytic,477.75573830304506,True,pass
230,45,1.5,9.0,0.5,7,0.5,cie_s026,245.15141295127492,False,fail
231,45,1.5,9.0,0.5,7,0.5,analytic,247.63167560999938,False,fail
232,45,1.5,9.0,0.85,1,0.0,cie_s026,226.28233247274216,False,fail
233,45,1.5,9.0,0.85,1,0.0,analytic,228.57169157862975,False,fail
234,45,1.5,9.0,0.85,1,0.5,cie_s026,117.29970126543846,False,fail
235,45,1.5,9.0,0.85,1,0.5,analytic,118.48645383368095,False,fail
236,45,1.5,9.0,0.85,7,0.0,cie_s026,508.96414069580396,True,pass
237,45,1.5,9.0,0.85,7,0.0,analytic,514.1134675448745,True,pass
238,45,1.5,9.0,0.85,7,0.5,cie_s026,263.84902159929914,True,pass
239,45,1.5,9.0,0.85,7,0.5,analytic,266.5184529843175,True,pass
240,45,1.5,11.0,0.15,1,0.0,cie_s026,522.7436789712299,True,pass
241,45,1.5,11.0,0.15,1,0.0,analytic,528.0324171083186,True,pass
242,45,1.5,11.0,0.15,1,0.5,cie_s026,270.9148422442953,True,pass
243,45,1.5,11.0,0.15,1,0.5,analytic,273.6557604336851,True,pass
244,45,1.5,11.0,0.15,7,0.0,cie_s026,739.2489454215291,True,pass
245,45,1.5,11.0,0.15,7,0.0,analytic,746.7281254627834,True,pass
246,45,1.5,11.0,0.15,7,0.5,cie_s026,383.10701873404787,True,pass
247,45,1.5,11.0,0.15,7,0.5,analytic,386.983015292347,True,pass
248,45,1.5,11.0,0.5,1,0.0,cie_s026,486.9365533931476,True,pass
249,45,1.5,11.0,0.5,1,0.0,analytic,491.86302122790187,True,pass
250,45,1.5,11.0,0.5,1,0.5,cie_s026,252.38562344633004,True,pass
251,45,1.5,11.0,0.5,1,0.5,analytic,254.9390765547453,True,pass
252,45,1.5,11.0,0.5,7,0.0,cie_s026,753.103686427585,True,pass
253,45,1.5,11.0,0.5,7,0.0,analytic,760.7230386030723,True,pass
254,45,1.5,11.0,0.5,7,0.5,cie_s026,390.3360275130125,True,pass
255,45,1.5,11.0,0.5,7,0.5,analytic,394.28516189384425,True,pass
256,45,1.5,11.0,0.85,1,0.0,cie_s026,472.63746388882123,True,pass
257,45,1.5,11.0,0.85,1,0.0,analytic,477.41926399629466,True,pass
258,45,1.5,11.0,0.85,1,0.5,cie_s026,245.01171475971486,False,fail
259,45,1.5,11.0,0.85,1,0.5,analytic,247.49056405433163,False,fail
260,45,1.5,11.0,0.85,7,0.0,cie_s026,814.7191599176091,True,pass
261,45,1.5,11.0,0.85,7,0.0,analytic,822.9618923798226,True,pass
262,45,1.5,11.0,0.85,7,0.5,cie_s026,422.32997011914654,True,pass
263,45,1.5,11.0,0.85,7,0.5,analytic,426.60279580648995,True,pass
264,45,1.5,13.0,0.15,1,0.0,cie_s026,1258.0381489075,True,pass
265,45,1.5,13.0,0.15,1,0.0,analytic,1270.7660585957312,True,pass
266,45,1.5,13.0,0.15,1,0.5,cie_s026,652.1463921267912,True,pass
267,45,1.5,13.0,0.15,1,0.5,analytic,658.7443322526163,True,pass
268,45,1.5,13.0,0.15,7,0.0,cie_s026,1750.3608572047624,True,pass
269,45,1.5,13.0,0.15,7,0.0,analytic,1768.069727902892,True,pass
270,45,1.5,13.0,0.15,7,0.5,cie_s026,907.2524510969024,True,pass
271,45,1.5,13.0,0.15,7,0.5,analytic,916.4313677076711,True,pass
272,45,1.5,13.0,0.5,1,0.0,cie_s026,982.8541945301854,True,pass
273,45,1.5,13.0,0.5,1,0.0,analytic,992.7979942754818,True,pass
274,45,1.5,13.0,0.5,1,0.5,cie_s026,509.5043457281199,True,pass
275,45,1.5,13.0,0.5,1,0.5,analytic,514.6591379765271,True,pass
276,45,1.5,13.0,0.5,7,0.0,cie_s026,1431.8249507326084,True,pass
277,45,1.5,13.0,0.5,7,0.0,analytic,1446.3111081500977,True,pass
278,45,1.5,13.0,0.5,7,0.5,cie_s026,742.1726441450786,True,pass
279,45,1.5,13.0,0.5,7,0.5,analytic,749.6814040312217,True,pass
280,45,1.5,13.0,0.85,1,0.0,cie_s026,688.4396203867453,True,pass
281,45,1.5,13.0,0.85,1,0.0,analytic,695.4047488462377,True,pass
282,45,1.5,13.0,0.85,1,0.5,cie_s026,356.8879265900126,True,pass
283,45,1.5,13.0,0.85,1,0.5,analytic,360.49865755425446,True,pass
284,45,1.5,13.0,0.85,7,0.0,cie_s026,1094.8873672536276,True,pass
285,45,1.5,13.0,0.85,7,0.0,analytic,1105.964636684043,True,pass
286,45,1.5,13.0,0.85,7,0.5,cie_s026,567.5505161173295,True,pass
287,45,1.5,13.0,0.85,7,0.5,analytic,573.2925770547689,True,pass
288,90,1.2,9.0,0.15,1,0.0,cie_s026,260.8534600533659,True,pass
289,90,1.2,9.0,0.15,1,0.0,analytic,263.4925845380289,True,pass
290,90,1.2,9.0,0.15,1,0.5,cie_s026,135.18827905309732,False,fail
291,90,1.2,9.0,0.15,1,0.5,analytic,136.55601516522515,False,fail
292,90,1.2,9.0,0.15,7,0.0,cie_s026,435.11990450872906,True,pass
293,90,1.2,9.0,0.15,7,0.0,analytic,439.52212939590623,True,pass
294,90,1.2,9.0,0.15,7,0.5,cie_s026,225.50311648228887,False,fail
295,90,1.2,9.0,0.15,7,0.5,analytic,227.784592050811,False,fail
296,90,1.2,9.0,0.5,1,0.0,cie_s026,233.44245450330533,False,fail
297,90,1.2,9.0,0.5,1,0.0,analytic,235.8042544859985,False,fail
298,90,1.2,9.0,0.5,1,0.5,cie_s026,120.99403238480211,False,fail
299,90,1.2,9.0,0.5,1,0.5,analytic,122.21816149276759,False,fail
300,90,1.2,9.0,0.5,7,0.0,cie_s026,443.629296702803,True,pass
301,90,1.2,9.0,0.5,7,0.0,analytic,448.1176133952581,True,pass
302,90,1.2,9.0,0.5,7,0.5,cie_s026,229.9450922208126,False,fail
303,90,1.2,9.0,0.5,7,0.5,analytic,232.27150845038412,False,fail
304,90,1.2,9.0,0.85,1,0.0,cie_s026,212.2502211310412,False,fail
305,90,1.2,9.0,0.85,1,0.0,analytic,214.39761359939283,False,fail
306,90,1.2,9.0,0.85,1,0.5,cie_s026,110.02669555885785,False,fail
307,90,1.2,9.0,0.85,1,0.5,analytic,111.13986517583949,False,fail
308,90,1.2,9.0,0.85,7,0.0,cie_s026,477.4093991344622,True,pass
309,90,1.2,9.0,0.85,7,0.0,analytic,482.2394781919002,True,pass
310,90,1.2,9.0,0.85,7,0.5,cie_s026,247.49299502568252,False,fail
311,90,1.2,9.0,0.85,7,0.5,analytic,249.99694809888013,False,fail
312,90,1.2,11.0,0.15,1,0.0,cie_s026,490.2986625279435,True,pass
313,90,1.2,11.0,0.15,1,0.0,analytic,495.25914572341384,True,pass
314,90,1.2,11.0,0.15,1,0.5,cie_s026,254.10215060646772,True,pass
315,90,1.2,11.0,0.15,1,0.5,analytic,256.6729702809848,True,pass
316,90,1.2,11.0,0.15,7,0.0,cie_s026,693.3597835929925,True,pass
317,90,1.2,11.0,0.15,7,0.0,analytic,700.3746906645205,True,pass
318,90,1.2,11.0,0.15,7,0.5,cie_s026,359.3285046606616,True,pass
319,90,1.2,11.0,0.15,7,0.5,analytic,362.96392760844725,True,pass
320,90,1.2,11.0,0.5,1,0.0,cie_s026,456.7269506113696,True,pass
321,90,1.2,11.0,0.5,1,0.0,analytic,461.3477797846431,True,pass
322,90,1.2,11.0,0.5,1,0.5,cie_s026,236.7295695007005,False,fail
323,90,1.2,11.0,0.5,1,0.5,analytic,239.12462610828857,False,fail
324,90,1.2,11.0,0.5,7,0.0,cie_s026,706.3774641416969,True,pass
325,90,1.2,11.0,0.5,7,0.0,analytic,713.5240745820918,True,pass
326,90,1.2,11.0,0.5,7,0.5,cie_s026,366.12074202885503,True,pass
327,90,1.2,11.0,0.5,7,0.5,analytic,369.8248838655539,True,pass
328,90,1.2,11.0,0.85,1,0.0,cie_s026,443.3323975734449,True,pass
329,90,1.2,11.0,0.85,1,0.0,analytic,447.81771045770205,True,pass
330,90,1.2,11.0,0.85,1,0.5,cie_s026,229.8221155751397,False,fail
331,90,1.2,11.0,0.85,1,0.5,analytic,232.14728761697233,False,fail
332,90,1.2,11.0,0.85,7,0.0,cie_s026,764.1975039521848,True,pass
333,90,1.2,11.0,0.85,7,0.0,analytic,771.9290952578394,True,pass
334,90,1.2,11.0,0.85,7,0.5,cie_s026,396.1441285143724,True,pass
335,90,1.2,11.0,0.85,7,0.5,analytic,400.1520250122907,True,pass
336,90,1.2,13.0,0.15,1,0.0,cie_s026,1180.032819783528,True,pass
337,90,1.2,13.0,0.15,1,0.0,analytic,1191.9715286155272,True,pass
338,90,1.2,13.0,0.15,1,0.5,cie_s026,611.7147991492974,True,pass
339,90,1.2,13.0,0.15,1,0.5,analytic,617.9036819946134,True,pass
340,90,1.2,13.0,0.15,7,0.0,cie_s026,1641.7782430049474,True,pass
341,90,1.2,13.0,0.15,7,0.0,analytic,1658.388554244886,True,pass
342,90,1.2,13.0,0.15,7,0.5,cie_s026,850.9786688665594,True,pass
343,90,1.2,13.0,0.15,7,0.5,analytic,859.5882485151184,True,pass
344,90,1.2,13.0,0.5,1,0.0,cie_s026,921.9155551887263,True,pass
345,90,1.2,13.0,0.5,1,0.0,analytic,931.2428223600817,True,pass
346,90,1.2,13.0,0.5,1,0.5,cie_s026,477.91819087264867,True,pass
347,90,1.2,13.0,0.5,1,0.5,analytic,482.75341751269326,True,pass
348,90,1.2,13.0,0.5,7,0.0,cie_s026,1343.0137812926046,True,pass
349,90,1.2,13.0,0.5,7,0.0,analytic,1356.6014122664242,True,pass
350,90,1.2,13.0,0.5,7,0.5,cie_s026,696.1440416414847,True,pass
351,90,1.2,13.0,0.5,7,0.5,analytic,703.1871177991574,True,pass
352,90,1.2,13.0,0.85,1,0.0,cie_s026,645.7575110801281,True,pass
353,90,1.2,13.0,0.85,1,0.0,analytic,652.2908131812309,True,pass
354,90,1.2,13.0,0.85,1,0.5,cie_s026,334.7642682325097,True,pass
355,90,1.2,13.0,0.85,1,0.5,analytic,338.1511682057819,True,pass
356,90,1.2,13.0,0.85,7,0.0,cie_s026,1026.9871687435866,True,pass
357,90,1.2,13.0,0.85,7,0.0,analytic,1037.377473637037,True,pass
358,90,1.2,13.0,0.85,7,0.5,cie_s026,532.3579281610656,True,pass
359,90,1.2,13.0,0.85,7,0.5,analytic,537.7439362382707,True,pass
360,90,1.5,9.0,0.15,1,0.0,cie_s026,265.2375719905572,True,pass
361,90,1.5,9.0,0.15,1,0.0,analytic,267.9210517126573,True,pass
362,90,1.5,9.0,0.15,1,0.5,cie_s026,137.46006374607512,False,fail
363,90,1.5,9.0,0.15,1,0.5,analytic,138.8507841138302,False,fail
364,90,1.5,9.0,0.15,7,0.0,cie_s026,442.43280954909574,True,pass
365,90,1.5,9.0,0.15,7,0.0,analytic,446.9090210598051,True,pass
366,90,1.5,9.0,0.15,7,0.5,cie_s026,229.2925700961178,False,fail
367,90,1.5,9.0,0.15,7,0.5,analytic,231.61238458417623,False,fail
368,90,1.5,9.0,0.5,1,0.0,cie_s026,237.36439485329194,False,fail
369,90,1.5,9.0,0.5,1,0.0,analytic,239.7658741593988,False,fail
370,90,1.5,9.0,0.5,1,0.5,cie_s026,123.0265199066262,False,fail
371,90,1.5,9.0,0.5,1,0.5,analytic,124.27121223649613,False,fail
372,90,1.5,9.0,0.5,7,0.0,cie_s026,451.0810890805143,True,pass
373,90,1.5,9.0,0.5,7,0.0,analytic,455.6447975569795,True,pass
374,90,1.5,9.0,0.5,7,0.5,cie_s026,233.80704944958416,False,fail
375,90,1.5,9.0,0.5,7,0.5,analytic,236.17253813722883,False,fail
376,90,1.5,9.0,0.85,1,0.0,cie_s026,215.81399285945025,False,fail
377,90,1.5,9.0,0.85,1,0.0,analytic,217.99744096311633,False,fail
378,90,1.5,9.0,0.85,1,0.5,cie_s026,111.87384570009807,False,fail
379,90,1.5,9.0,0.85,1,0.5,analytic,113.0057034309487,False,fail
380,90,1.5,9.0,0.85,7,0.0,cie_s026,485.423594769302,True,pass
381,90,1.5,9.0,0.85,7,0.0,analytic,490.3347555954865,True,pass
382,90,1.5,9.0,0.85,7,0.5,cie_s026,251.6470711777522,True,pass
383,90,1.5,9.0,0.85,7,0.5,analytic,254.19305215459286,True,pass
384,90,1.5,11.0,0.15,1,0.0,cie_s026,498.5385599766009,True,pass
385,90,1.5,11.0,0.15,1,0.0,analytic,503.58240842666055,True,pass
386,90,1.5,11.0,0.15,1,0.5,cie_s026,258.3720010398111,True,pass
387,90,1.5,11.0,0.15,1,0.5,analytic,260.9860199374559,True,pass
388,90,1.5,11.0,0.15,7,0.0,cie_s026,705.0139121239978,True,pass
389,90,1.5,11.0,0.15,7,0.0,analytic,712.1467271425673,True,pass
390,90,1.5,11.0,0.15,7,0.5,cie_s026,365.3673796196103,True,pass
391,90,1.5,11.0,0.15,7,0.5,analytic,369.06389948656545,True,pass
392,90,1.5,11.0,0.5,1,0.0,cie_s026,464.39927606020495,True,pass
393,90,1.5,11.0,0.5,1,0.0,analytic,469.09772820977395,True,pass
394,90,1.5,11.0,0.5,1,0.5,cie_s026,240.70574746703184,False,fail
395,90,1.5,11.0,0.5,1,0.5,analytic,243.1410321345589,False,fail
396,90,1.5,11.0,0.5,7,0.0,cie_s026,718.2444640872329,True,pass
397,90,1.5,11.0,0.5,7,0.0,analytic,725.5111361519181,True,pass
398,90,1.5,11.0,0.5,7,0.5,cie_s026,372.2706892111772,True,pass
399,90,1.5,11.0,0.5,7,0.5,analytic,376.0370517145482,True,pass
400,90,1.5,11.0,0.85,1,0.0,cie_s026,450.7751980020789,True,pass
401,90,1.5,11.0,0.85,1,0.0,analytic,455.3358116963834,True,pass
402,90,1.5,11.0,0.85,1,0.5,cie_s026,233.67993002203886,False,fail
403,90,1.5,11.0,0.85,1,0.5,analytic,236.04413260830827,False,fail
404,90,1.5,11.0,0.85,7,0.0,cie_s026,777.0287778941446,True,pass
405,90,1.5,11.0,0.85,7,0.0,analytic,784.8901866429826,True,pass
406,90,1.5,11.0,0.85,7,0.5,cie_s026,402.79471763263064,True,pass
407,90,1.5,11.0,0.85,7,0.5,analytic,406.8698999260904,True,pass
408,90,1.5,13.0,0.15,1,0.0,cie_s026,1199.844569499357,True,pass
409,90,1.5,13.0,0.15,1,0.0,analytic,1211.9837191219376,True,pass
410,90,1.5,13.0,0.15,1,0.5,cie_s026,621.9836239523642,True,pass
411,90,1.5,13.0,0.15,1,0.5,analytic,628.2763992550044,True,pass
412,90,1.5,13.0,0.15,7,0.0,cie_s026,1669.3552758420597,True,pass
413,90,1.5,13.0,0.15,7,0.0,analytic,1686.2445913266033,True,pass
414,90,1.5,13.0,0.15,7,0.5,cie_s026,865.2707281395291,True,pass
415,90,1.5,13.0,0.15,7,0.5,analytic,874.0249043886308,True,pass
416,90,1.5,13.0,0.5,1,0.0,cie_s026,937.3927231243096,True,pass
417,90,1.5,13.0,0.5,1,0.0,analytic,946.8765769587044,True,pass
418,90,1.5,13.0,0.5,1,0.5,cie_s026,485.9404525687843,True,pass
419,90,1.5,13.0,0.5,1,0.5,analytic,490.856842584083,True,pass
420,90,1.5,13.0,0.5,7,0.0,cie_s026,1365.5695087193142,True,pass
421,90,1.5,13.0,0.5,7,0.0,analytic,1379.385342042871,True,pass
422,90,1.5,13.0,0.5,7,0.5,cie_s026,707.8341481993953,True,pass
423,90,1.5,13.0,0.5,7,0.5,analytic,714.9954963034664,True,pass
424,90,1.5,13.0,0.85,1,0.0,cie_s026,656.5978734525406,True,pass
425,90,1.5,13.0,0.85,1,0.0,analytic,663.2408504099931,True,pass
426,90,1.5,13.0,0.85,1,0.5,cie_s026,340.3832314559271,True,pass
427,90,1.5,13.0,0.85,1,0.5,analytic,343.82697998861005,True,pass
428,90,1.5,13.0,0.85,7,0.0,cie_s026,1044.232157785958,True,pass
429,90,1.5,13.0,0.85,7,0.0,analytic,1054.7969348631782,True,pass
430,90,1.5,13.0,0.85,7,0.5,cie_s026,541.2960130752742,True,pass
431,90,1.5,13.0,0.85,7,0.5,analytic,546.7724501570947,True,pass
432,135,1.2,9.0,0.15,1,0.0,cie_s026,260.68088004266747,True,pass
433,135,1.2,9.0,0.15,1,0.0,analytic,263.318258489031,True,pass
434,135,1.2,9.0,0.15,1,0.5,cie_s026,135.09892379252145,False,fail
435,135,1.2,9.0,0.15,1,0.5,analytic,136.4657558734895,False,fail
436,135,1.2,9.0,0.15,7,0.0,cie_s026,434.8320513919428,True,pass
437,135,1.2,9.0,0.15,7,0.0,analytic,439.2313639918598,True,pass
438,135,1.2,9.0,0.15,7,0.5,cie_s026,225.3540768593335,False,fail
439,135,1.2,9.0,0.15,7,0.5,analytic,227.63404455397867,False,fail
440,135,1.2,9.0,0.5,1,0.0,cie_s026,233.2884681419689,False,fail
441,135,1.2,9.0,0.5,1,0.0,analytic,235.64871020330492,False,fail
442,135,1.2,9.0,0.5,1,0.5,cie_s026,120.9142961253154,False,fail
443,135,1.2,9.0,0.5,1,0.5,analytic,122.13761852013748,False,fail
444,135,1.2,9.0,0.5,7,0.0,cie_s026,443.3371838925134,True,pass
445,135,1.2,9.0,0.5,7,0.0,analytic,447.82254520124553,True,pass
446,135,1.2,9.0,0.5,7,0.5,cie_s026,229.79382434309548,False,fail
447,135,1.2,9.0,0.5,7,0.5,analytic,232.1187101549384,False,fail
448,135,1.2,9.0,0.85,1,0.0,cie_s026,212.11087953541056,False,fail
449,135,1.2,9.0,0.85,1,0.0,analytic,214.25686224743126,False,fail
450,135,1.2,9.0,0.85,1,0.5,cie_s026,109.95453089953939,False,fail
451,135,1.2,9.0,0.85,1,0.5,analytic,111.06697040728922,False,fail
452,135,1.2,9.0,0.85,7,0.0,cie_s026,477.0967144143478,True,pass
453,135,1.2,9.0,0.85,7,0.0,analytic,481.9236299565283,True,pass
454,135,1.2,9.0,0.85,7,0.5,cie_s026,247.33104640275144,False,fail
455,135,1.2,9.0,0.85,7,0.5,analytic,249.83336099825377,False,fail
456,135,1.2,11.0,0.15,1,0.0,cie_s026,489.97455309778053,True,pass
457,135,1.2,11.0,0.15,1,0.0,analytic,494.93175719113475,True,pass
458,135,1.2,11.0,0.15,1,0.5,cie_s026,253.93433639759698,True,pass
459,135,1.2,11.0,0.15,1,0.5,analytic,256.50345825071116,True,pass
460,135,1.2,11.0,0.15,7,0.0,cie_s026,692.9008336888231,True,pass
461,135,1.2,11.0,0.15,7,0.0,analytic,699.9110974409599,True,pass
462,135,1.2,11.0,0.15,7,0.5,cie_s026,359.0908831340455,True,pass
463,135,1.2,11.0,0.15,7,0.5,analytic,362.72390200105394,True,pass
464,135,1.2,11.0,0.5,1,0.0,cie_s026,456.4261052329948,True,pass
465,135,1.2,11.0,0.5,1,0.0,analytic,461.04389067280965,True,pass
466,135,1.2,11.0,0.5,1,0.5,cie_s026,236.5737822754218,False,fail
467,135,1.2,11.0,0.5,1,0.5,analytic,238.96726274182873,False,fail
468,135,1.2,11.0,0.5,7,0.0,cie_s026,705.9118633897635,True,pass
469,135,1.2,11.0,0.5,7,0.0,analytic,713.0537632223549,True,pass
470,135,1.2,11.0,0.5,7,0.5,cie_s026,365.87964436575595,True,pass
471,135,1.2,11.0,0.5,7,0.5,analytic,369.58134695267165,True,pass
472,135,1.2,11.0,0.85,1,0.0,cie_s026,443.04182470772855,True,pass
473,135,1.2,11.0,0.85,1,0.0,analytic,447.5241977882954,True,pass
474,135,1.2,11.0,0.85,1,0.5,cie_s026,229.6716229288407,False,fail
475,135,1.2,11.0,0.85,1,0.5,analytic,231.99527239616916,False,fail
476,135,1.2,11.0,0.85,7,0.0,cie_s026,763.6961561637876,True,pass
477,135,1.2,11.0,0.85,7,0.0,analytic,771.4226751992741,True,pass
478,135,1.2,11.0,0.85,7,0.5,cie_s026,395.8844810572703,True,pass
479,135,1.2,11.0,0.85,7,0.5,analytic,399.8897506321596,True,pass
480,135,1.2,13.0,0.15,1,0.0,cie_s026,1179.2596848852213,True,pass
481,135,1.2,13.0,0.15,1,0.0,analytic,1191.1905717038965,True,pass
482,135,1.2,13.0,0.15,1,0.5,cie_s026,611.314383081276,True,pass
483,135,1.2,13.0,0.15,1,0.5,analytic,617.4992148097352,True,pass
484,135,1.2,13.0,0.15,7,0.0,cie_s026,1640.6980885832156,True,pass
485,135,1.2,13.0,0.15,7,0.0,analytic,1657.297471610889,True,pass
486,135,1.2,13.0,0.15,7,0.5,cie_s026,850.4193162058659,True,pass
487,135,1.2,13.0,0.15,7,0.5,analytic,859.0232367333916,True,pass
488,135,1.2,13.0,0.5,1,0.0,cie_s026,921.3117707795711,True,pass
489,135,1.2,13.0,0.5,1,0.0,analytic,930.6329293019659,True,pass
490,135,1.2,13.0,0.5,1,0.5,cie_s026,477.6054781706223,True,pass
491,135,1.2,13.0,0.5,1,0.5,analytic,482.43754101230894,True,pass
492,135,1.2,13.0,0.5,7,0.0,cie_s026,1342.1310740543013,True,pass
493,135,1.2,13.0,0.5,7,0.0,analytic,1355.7097744420173,True,pass
494,135,1.2,13.0,0.5,7,0.5,cie_s026,695.6869200078843,True,pass
495,135,1.2,13.0,0.5,7,0.5,analytic,702.7253713432699,True,pass
496,135,1.2,13.0,0.85,1,0.0,cie_s026,645.3346850375362,True,pass
497,135,1.2,13.0,0.85,1,0.0,analytic,651.8637092940534,True,pass
498,135,1.2,13.0,0.85,1,0.5,cie_s026,334.5452744342014,True,pass
499,135,1.2,13.0,0.85,1,0.5,analytic,337.9299587884245,True,pass
500,135,1.2,13.0,0.85,7,0.0,cie_s026,1026.313095894873,True,pass
501,135,1.2,13.0,0.85,7,0.0,analytic,1036.6965810123497,True,pass
502,135,1.2,13.0,0.85,7,0.5,cie_s026,532.0088336678325,True,pass
503,135,1.2,13.0,0.85,7,0.5,analytic,537.3913098623309,True,pass
504,135,1.5,9.0,0.15,1,0.0,cie_s026,266.40233809153693,True,pass
505,135,1.5,9.0,0.15,1,0.0,analytic,269.0976020649763,True,pass
506,135,1.5,9.0,0.15,1,0.5,cie_s026,138.06369680070551,False,fail
507,135,1.5,9.0,0.15,1,0.5,analytic,139.46052428612697,False,fail
508,135,1.5,9.0,0.15,7,0.0,cie_s026,444.37571117725025,True,pass
509,135,1.5,9.0,0.15,7,0.0,analytic,448.8715795453274,True,pass
510,135,1.5,9.0,0.15,7,0.5,cie_s026,230.29946982128115,False,fail
511,135,1.5,9.0,0.15,7,0.5,analytic,232.6294713841736,False,fail
512,135,1.5,9.0,0.5,1,0.0,cie_s026,238.40673978001178,False,fail
513,135,1.5,9.0,0.5,1,0.0,analytic,240.8187647695725,False,fail
514,135,1.5,9.0,0.5,1,0.5,cie_s026,123.5667598231782,False,fail
515,135,1.5,9.0,0.5,1,0.5,analytic,124.8169179053179,False,fail
516,135,1.5,9.0,0.5,7,0.0,cie_s026,453.061995271686,True,pass
517,135,1.5,9.0,0.5,7,0.0,analytic,457.6457451078858,True,pass
518,135,1.5,9.0,0.5,7,0.5,cie_s026,234.83378478265328,False,fail
519,135,1.5,9.0,0.5,7,0.5,analytic,237.20966122730226,False,fail
520,135,1.5,9.0,0.85,1,0.0,cie_s026,216.76168115054247,False,fail
521,135,1.5,9.0,0.85,1,0.0,analytic,218.95471727106803,False,fail
522,135,1.5,9.0,0.85,1,0.5,cie_s026,112.36509885046411,False,fail
523,135,1.5,9.0,0.85,1,0.5,analytic,113.5019267213199,False,fail
524,135,1.5,9.0,0.85,7,0.0,cie_s026,487.5553533262445,True,pass
525,135,1.5,9.0,0.85,7,0.0,analytic,492.4880817260463,True,pass
526,135,1.5,9.0,0.85,7,0.5,cie_s026,252.75216548824264,True,pass
527,135,1.5,9.0,0.85,7,0.5,analytic,255.3093270008986,True,pass
528,135,1.5,11.0,0.15,1,0.0,cie_s026,500.72795227098663,True,pass
529,135,1.5,11.0,0.15,1,0.0,analytic,505.79395139065775,True,pass
530,135,1.5,11.0,0.15,1,0.5,cie_s026,259.5066535568962,True,pass
531,135,1.5,11.0,0.15,1,0.5,analytic,262.1321520386677,True,pass
532,135,1.5,11.0,0.15,7,0.0,cie_s026,708.1099924360566,True,pass
533,135,1.5,11.0,0.15,7,0.0,analytic,715.2741313303238,True,pass
534,135,1.5,11.0,0.15,7,0.5,cie_s026,366.9718703075209,True,pass
535,135,1.5,11.0,0.15,7,0.5,analytic,370.68462323751083,True,pass
536,135,1.5,11.0,0.5,1,0.0,cie_s026,466.43872278273363,True,pass
537,135,1.5,11.0,0.5,1,0.0,analytic,471.1578085623089,True,pass
538,135,1.5,11.0,0.5,1,0.5,cie_s026,241.76280594809867,False,fail
539,135,1.5,11.0,0.5,1,0.5,analytic,244.208785160059,False,fail
540,135,1.5,11.0,0.5,7,0.0,cie_s026,721.3986820268623,True,pass
541,135,1.5,11.0,0.5,7,0.0,analytic,728.697266161231,True,pass
542,135,1.5,11.0,0.5,7,0.5,cie_s026,373.9055099137771,True,pass
543,135,1.5,11.0,0.5,7,0.5,analytic,377.68841233708395,True,pass
544,135,1.5,11.0,0.85,1,0.0,cie_s026,452.7547997697589,True,pass
545,135,1.5,11.0,0.85,1,0.0,analytic,457.33544162659535,True,pass
546,135,1.5,11.0,0.85,1,0.5,cie_s026,234.70612465980167,False,fail
547,135,1.5,11.0,0.85,1,0.5,analytic,237.08070953271584,False,fail
548,135,1.5,11.0,0.85,7,0.0,cie_s026,780.44120595514,True,pass
549,135,1.5,11.0,0.85,7,0.0,analytic,788.3371391547792,True,pass
550,135,1.5,11.0,0.85,7,0.5,cie_s026,404.56360795106434,True,pass
551,135,1.5,11.0,0.85,7,0.5,analytic,408.6566865827559,True,pass
552,135,1.5,13.0,0.15,1,0.0,cie_s026,1205.1142781607296,True,pass
553,135,1.5,13.0,0.15,1,0.0,analytic,1217.306742840555,True,pass
554,135,1.5,13.0,0.15,1,0.5,cie_s026,624.7153115743236,True,pass
555,135,1.5,13.0,0.15,1,0.5,analytic,631.0357240939902,True,pass
556,135,1.5,13.0,0.15,7,0.0,cie_s026,1676.6868263516235,True,pass
557,135,1.5,13.0,0.15,7,0.0,analytic,1693.650317100917,True,pass
558,135,1.5,13.0,0.15,7,0.5,cie_s026,869.0707887559378,True,pass
559,135,1.5,13.0,0.15,7,0.5,analytic,877.8634112384685,True,pass
560,135,1.5,13.0,0.5,1,0.0,cie_s026,941.5096663981809,True,pass
561,135,1.5,13.0,0.5,1,0.0,analytic,951.0351724529213,True,pass
562,135,1.5,13.0,0.5,1,0.5,cie_s026,488.07461132002,True,pass
563,135,1.5,13.0,0.5,1,0.5,analytic,493.01259319234595,True,pass
564,135,1.5,13.0,0.5,7,0.0,cie_s026,1371.5668185305976,True,pass
565,135,1.5,13.0,0.5,7,0.0,analytic,1385.4433282475661,True,pass
566,135,1.5,13.0,0.5,7,0.5,cie_s026,710.9427521151677,True,pass
567,135,1.5,13.0,0.5,7,0.5,analytic,718.1355507995975,True,pass
568,135,1.5,13.0,0.85,1,0.0,cie_s026,659.4814923295734,True,pass
569,135,1.5,13.0,0.85,1,0.0,analytic,666.1536436333475,True,pass
570,135,1.5,13.0,0.85,1,0.5,cie_s026,341.8780787656838,True,pass
571,135,1.5,13.0,0.85,1,0.5,analytic,345.3369510699096,True,pass
572,135,1.5,13.0,0.85,7,0.0,cie_s026,1048.8181421351992,True,pass
573,135,1.5,13.0,0.85,7,0.0,analytic,1059.4293168472443,True,pass
574,135,1.5,13.0,0.85,7,0.5,cie_s026,543.67318831332,True,pass
575,135,1.5,13.0,0.85,7,0.5,analytic,549.1736759152055,True,pass
576,180,1.2,9.0,0.15,1,0.0,cie_s026,354.65948962579284,True,pass
577,180,1.2,9.0,0.15,1,0.0,analytic,358.2476748950165,True,pass
578,180,1.2,9.0,0.15,1,0.5,cie_s026,166.9945522913148,False,fail
579,180,1.2,9.0,0.15,1,0.5,analytic,168.68408100857687,False,fail
580,180,1.2,9.0,0.15,7,0.0,cie_s026,627.0640070439601,True,pass
581,180,1.2,9.0,0.15,7,0.0,analytic,633.4081819462292,True,pass
582,180,1.2,9.0,0.15,7,0.5,cie_s026,290.65446426225867,True,pass
583,180,1.2,9.0,0.15,7,0.5,analytic,293.59509350694725,True,pass
584,180,1.2,9.0,0.5,1,0.0,cie_s026,305.0137795766768,True,pass
585,180,1.2,9.0,0.5,1,0.0,analytic,308.09968586933525,True,pass
586,180,1.2,9.0,0.5,1,0.5,cie_s026,145.24308232015656,False,fail
587,180,1.2,9.0,0.5,1,0.5,analytic,146.7125455762722,False,fail
588,180,1.2,9.0,0.5,7,0.0,cie_s026,594.946316930152,True,pass
589,180,1.2,9.0,0.5,7,0.0,analytic,600.9655485391527,True,pass
590,180,1.2,9.0,0.5,7,0.5,cie_s026,281.25218821187747,True,pass
591,180,1.2,9.0,0.5,7,0.5,analytic,284.0976921056083,True,pass
592,180,1.2,9.0,0.85,1,0.0,cie_s026,260.77373616378384,True,pass
593,180,1.2,9.0,0.85,1,0.0,analytic,263.41205406045304,True,pass
594,180,1.2,9.0,0.85,1,0.5,cie_s026,126.43893130881915,False,fail
595,180,1.2,9.0,0.85,1,0.5,analytic,127.71814792094865,False,fail
596,180,1.2,9.0,0.85,7,0.0,cie_s026,584.7949951318442,True,pass
597,180,1.2,9.0,0.85,7,0.0,analytic,590.7115230929649,True,pass
598,180,1.2,9.0,0.85,7,0.5,cie_s026,283.81602551251285,True,pass
599,180,1.2,9.0,0.85,7,0.5,analytic,286.6874684365077,True,pass
600,180,1.2,11.0,0.15,1,0.0,cie_s026,656.4670134156102,True,pass
601,180,1.2,11.0,0.15,1,0.0,analytic,663.1086664269379,True,pass
602,180,1.2,11.0,0.15,1,0.5,cie_s026,310.4259272107433,True,pass
603,180,1.2,11.0,0.15,1,0.5,analytic,313.5665896539728,True,pass
604,180,1.2,11.0,0.15,7,0.0,cie_s026,960.9841723329881,True,pass
605,180,1.2,11.0,0.15,7,0.0,analytic,970.7067071924404,True,pass
606,180,1.2,11.0,0.15,7,0.5,cie_s026,450.1027986536519,True,pass
607,180,1.2,11.0,0.15,7,0.5,analytic,454.65660950323456,True,pass
608,180,1.2,11.0,0.5,1,0.0,cie_s026,587.182275880088,True,pass
609,180,1.2,11.0,0.5,1,0.0,analytic,593.1229566014334,True,pass
610,180,1.2,11.0,0.5,1,0.5,cie_s026,280.91143774559845,True,pass
611,180,1.2,11.0,0.5,1,0.5,analytic,283.75349417538325,True,pass
612,180,1.2,11.0,0.5,7,0.0,cie_s026,921.8036389500402,True,pass
613,180,1.2,11.0,0.5,7,0.0,analytic,931.1297738347636,True,pass
614,180,1.2,11.0,0.5,7,0.5,cie_s026,439.1086641273751,True,pass
615,180,1.2,11.0,0.5,7,0.5,analytic,443.5512443664455,True,pass
616,180,1.2,11.0,0.85,1,0.0,cie_s026,535.4364100199734,True,pass
617,180,1.2,11.0,0.85,1,0.0,analytic,540.8535639246012,True,pass
618,180,1.2,11.0,0.85,1,0.5,cie_s026,260.952437882648,True,pass
619,180,1.2,11.0,0.85,1,0.5,analytic,263.5925637525816,True,pass
620,180,1.2,11.0,0.85,7,0.0,cie_s026,921.5669998593479,True,pass
621,180,1.2,11.0,0.85,7,0.0,analytic,930.890740602862,True,pass
622,180,1.2,11.0,0.85,7,0.5,cie_s026,449.3226143694586,True,pass
623,180,1.2,11.0,0.85,7,0.5,analytic,453.868531885188,True,pass
624,180,1.2,13.0,0.15,1,0.0,cie_s026,1330.3725103152651,True,pass
625,180,1.2,13.0,0.15,1,0.0,analytic,1343.832246156903,True,pass
626,180,1.2,13.0,0.15,1,0.5,cie_s026,662.2361120315836,True,pass
627,180,1.2,13.0,0.15,1,0.5,analytic,668.9361325623944,True,pass
628,180,1.2,13.0,0.15,7,0.0,cie_s026,1883.4464247957965,True,pass
629,180,1.2,13.0,0.15,7,0.0,analytic,1902.5017579096937,True,pass
630,180,1.2,13.0,0.15,7,0.5,cie_s026,932.3013065790112,True,pass
631,180,1.2,13.0,0.15,7,0.5,analytic,941.7336491853642,True,pass
632,180,1.2,13.0,0.5,1,0.0,cie_s026,1042.608108355058,True,pass
633,180,1.2,13.0,0.5,1,0.0,analytic,1053.1564544881899,True,pass
634,180,1.2,13.0,0.5,1,0.5,cie_s026,518.4969176057307,True,pass
635,180,1.2,13.0,0.5,1,0.5,analytic,523.7426901179896,True,pass
636,180,1.2,13.0,0.5,7,0.0,cie_s026,1541.6411079763309,True,pass
637,180,1.2,13.0,0.5,7,0.0,analytic,1557.238304938146,True,pass
638,180,1.2,13.0,0.5,7,0.5,cie_s026,762.9992349001702,True,pass
639,180,1.2,13.0,0.5,7,0.5,analytic,770.7187029961357,True,pass
640,180,1.2,13.0,0.85,1,0.0,cie_s026,735.225289012426,True,pass
641,180,1.2,13.0,0.85,1,0.0,analytic,742.6637606415895,True,pass
642,180,1.2,13.0,0.85,1,0.5,cie_s026,364.87117945356465,True,pass
643,180,1.2,13.0,0.85,1,0.5,analytic,368.56267913022896,True,pass
644,180,1.2,13.0,0.85,7,0.0,cie_s026,1178.5396116047928,True,pass
645,180,1.2,13.0,0.85,7,0.0,analytic,1190.4632132487775,True,pass
646,180,1.2,13.0,0.85,7,0.5,cie_s026,583.3794059202185,True,pass
647,180,1.2,13.0,0.85,7,0.5,analytic,589.2816119852529,True,pass
648,180,1.5,9.0,0.15,1,0.0,cie_s026,379.5580887622816,True,pass
649,180,1.5,9.0,0.15,1,0.0,analytic,383.3981798433027,True,pass
650,180,1.5,9.0,0.15,1,0.5,cie_s026,173.0537388777658,False,fail
651,180,1.5,9.0,0.15,1,0.5,analytic,174.8045700123858,False,fail
652,180,1.5,9.0,0.15,7,0.0,cie_s026,676.525393844293,True,pass
653,180,1.5,9.0,0.15,7,0.0,analytic,683.3699828753355,True,pass
654,180,1.5,9.0,0.15,7,0.5,cie_s026,302.2976935890438,True,pass
655,180,1.5,9.0,0.15,7,0.5,analytic,305.3561205105988,True,pass
656,180,1.5,9.0,0.5,1,0.0,cie_s026,324.5279227955581,True,pass
657,180,1.5,9.0,0.5,1,0.0,analytic,327.81125891397244,True,pass
658,180,1.5,9.0,0.5,1,0.5,cie_s026,150.13184411285704,False,fail
659,180,1.5,9.0,0.5,1,0.5,analytic,151.65076828447732,False,fail
660,180,1.5,9.0,0.5,7,0.0,cie_s026,635.4498982888213,True,pass
661,180,1.5,9.0,0.5,7,0.0,analytic,641.8789155041096,True,pass
662,180,1.5,9.0,0.5,7,0.5,cie_s026,291.20709620090287,True,pass
663,180,1.5,9.0,0.5,7,0.5,analytic,294.1533165712755,True,pass
664,180,1.5,9.0,0.85,1,0.0,cie_s026,274.8148013591874,True,pass
665,180,1.5,9.0,0.85,1,0.0,analytic,277.5951764819343,True,pass
666,180,1.5,9.0,0.85,1,0.5,cie_s026,130.17039263440793,False,fail
667,180,1.5,9.0,0.85,1,0.5,analytic,131.48736144252487,False,fail
668,180,1.5,9.0,0.85,7,0.0,cie_s026,615.9819325198883,True,pass
669,180,1.5,9.0,0.85,7,0.0,analytic,622.2139870990788,True,pass
670,180,1.5,9.0,0.85,7,0.5,cie_s026,292.134900021441,True,pass
671,180,1.5,9.0,0.85,7,0.5,analytic,295.0905072321463,True,pass
672,180,1.5,11.0,0.15,1,0.0,cie_s026,700.9999856927859,True,pass
673,180,1.5,11.0,0.15,1,0.0,analytic,708.0921907400632,True,pass
674,180,1.5,11.0,0.15,1,0.5,cie_s026,321.3773918460068,True,pass
675,180,1.5,11.0,0.15,1,0.5,analytic,324.628853197006,True,pass
676,180,1.5,11.0,0.15,7,0.0,cie_s026,1031.2596216931913,True,pass
677,180,1.5,11.0,0.15,7,0.0,analytic,1041.693152140125,True,pass
678,180,1.5,11.0,0.15,7,0.5,cie_s026,467.0018640631203,True,pass
679,180,1.5,11.0,0.15,7,0.5,analytic,471.7266472942114,True,pass
680,180,1.5,11.0,0.5,1,0.0,cie_s026,623.22198947614,True,pass
681,180,1.5,11.0,0.5,1,0.0,analytic,629.5272936552387,True,pass
682,180,1.5,11.0,0.5,1,0.5,cie_s026,290.0636461742379,True,pass
683,180,1.5,11.0,0.5,1,0.5,analytic,292.9982979537176,True,pass
684,180,1.5,11.0,0.5,7,0.0,cie_s026,980.5997723581498,True,pass
685,180,1.5,11.0,0.5,7,0.0,analytic,990.5207635091044,True,pass
686,180,1.5,11.0,0.5,7,0.5,cie_s026,453.8548276772761,True,pass
687,180,1.5,11.0,0.5,7,0.5,analytic,458.4465988117688,True,pass
688,180,1.5,11.0,0.85,1,0.0,cie_s026,562.6962023150107,True,pass
689,180,1.5,11.0,0.85,1,0.0,analytic,568.3891508565122,True,pass
690,180,1.5,11.0,0.85,1,0.5,cie_s026,268.34726156878617,True,pass
691,180,1.5,11.0,0.85,1,0.5,analytic,271.0622028551834,True,pass
692,180,1.5,11.0,0.85,7,0.0,cie_s026,968.2484241301607,True,pass
693,180,1.5,11.0,0.85,7,0.0,analytic,978.0444533752222,True,pass
694,180,1.5,11.0,0.85,7,0.5,cie_s026,462.00793652984476,True,pass
695,180,1.5,11.0,0.85,7,0.5,analytic,466.6821948554007,True,pass
696,180,1.5,13.0,0.15,1,0.0,cie_s026,1381.7446425746573,True,pass
697,180,1.5,13.0,0.15,1,0.0,analytic,1395.724124069841,True,pass
698,180,1.5,13.0,0.15,1,0.5,cie_s026,677.8159042957702,True,pass
699,180,1.5,13.0,0.15,1,0.5,analytic,684.6735497675036,True,pass
700,180,1.5,13.0,0.15,7,0.0,cie_s026,1962.2085787411122,True,pass
701,180,1.5,13.0,0.15,7,0.0,analytic,1982.060769711138,True,pass
702,180,1.5,13.0,0.15,7,0.5,cie_s026,955.3721135979013,True,pass
703,180,1.5,13.0,0.15,7,0.5,analytic,965.0378697525048,True,pass
704,180,1.5,13.0,0.5,1,0.0,cie_s026,1083.4648850998528,True,pass
705,180,1.5,13.0,0.5,1,0.0,analytic,1094.4265902118134,True,pass
706,180,1.5,13.0,0.5,1,0.5,cie_s026,530.8099309731577,True,pass
707,180,1.5,13.0,0.5,1,0.5,analytic,536.180277547234,True,pass
708,180,1.5,13.0,0.5,7,0.0,cie_s026,1606.2741464729565,True,pass
709,180,1.5,13.0,0.5,7,0.0,analytic,1622.525253236772,True,pass
710,180,1.5,13.0,0.5,7,0.5,cie_s026,781.914983374879,True,pass
711,180,1.5,13.0,0.5,7,0.5,analytic,789.8258271763272,True,pass
712,180,1.5,13.0,0.85,1,0.0,cie_s026,764.9436708060643,True,pass
713,180,1.5,13.0,0.85,1,0.0,analytic,772.6828112820973,True,pass
714,180,1.5,13.0,0.85,1,0.5,cie_s026,373.70979597268297,True,pass
715,180,1.5,13.0,0.85,1,0.5,analytic,377.49071830550594,True,pass
716,180,1.5,13.0,0.85,7,0.0,cie_s026,1227.882868555358,True,pass
717,180,1.5,13.0,0.85,7,0.0,analytic,1240.3056891767128,True,pass
718,180,1.5,13.0,0.85,7,0.5,cie_s026,597.832513837035,True,pass
719,180,1.5,13.0,0.85,7,0.5,analytic,603.8809458749776,True,pass
720,225,1.2,9.0,0.15,1,0.0,cie_s026,752.2166808953211,True,pass
721,225,1.2,9.0,0.15,1,0.0,analytic,759.827058997711,True,pass
722,225,1.2,9.0,0.15,1,0.5,cie_s026,244.15723536826525,False,fail
723,225,1.2,9.0,0.15,1,0.5,analytic,246.62743966548325,False,fail
724,225,1.2,9.0,0.15,7,0.0,cie_s026,1376.2406942111606,True,pass
725,225,1.2,9.0,0.15,7,0.0,analytic,1390.1644907831485,True,pass
726,225,1.2,9.0,0.15,7,0.5,cie_s026,452.07038697915675,True,pass
727,225,1.2,9.0,0.15,7,0.5,analytic,456.6441044480517,True,pass
728,225,1.2,9.0,0.5,1,0.0,cie_s026,621.4208242075659,True,pass
729,225,1.2,9.0,0.5,1,0.0,analytic,627.7079055140977,True,pass
730,225,1.2,9.0,0.5,1,0.5,cie_s026,202.9135982990756,False,fail
731,225,1.2,9.0,0.5,1,0.5,analytic,204.9665296477056,False,fail
732,225,1.2,9.0,0.5,7,0.0,cie_s026,1220.5400784299638,True,pass
733,225,1.2,9.0,0.5,7,0.0,analytic,1232.888610072358,True,pass
734,225,1.2,9.0,0.5,7,0.5,cie_s026,404.9829869430898,True,pass
735,225,1.2,9.0,0.5,7,0.5,analytic,409.0803085446312,True,pass
736,225,1.2,9.0,0.85,1,0.0,cie_s026,495.73041460910946,True,pass
737,225,1.2,9.0,0.85,1,0.0,analytic,500.74585229860526,True,pass
738,225,1.2,9.0,0.85,1,0.5,cie_s026,163.65486982206357,False,fail
739,225,1.2,9.0,0.85,1,0.5,analytic,165.31061007520563,False,fail
740,225,1.2,9.0,0.85,7,0.0,cie_s026,1085.6173247834515,True,pass
741,225,1.2,9.0,0.85,7,0.0,analytic,1096.6008067055398,True,pass
742,225,1.2,9.0,0.85,7,0.5,cie_s026,365.93438001134444,True,pass
743,225,1.2,9.0,0.85,7,0.5,analytic,369.636636373481,True,pass
744,225,1.2,11.0,0.15,1,0.0,cie_s026,1310.767607776813,True,pass
745,225,1.2,11.0,0.15,1,0.0,analytic,1324.0289955562935,True,pass
746,225,1.2,11.0,0.15,1,0.5,cie_s026,446.1132859761016,True,pass
747,225,1.2,11.0,0.15,1,0.5,analytic,450.626733854892,True,pass
748,225,1.2,11.0,0.15,7,0.0,cie_s026,2000.7846977791721,True,pass
749,225,1.2,11.0,0.15,7,0.0,analytic,2021.0271737017372,True,pass
750,225,1.2,11.0,0.15,7,0.5,cie_s026,672.0482904806904,True,pass
751,225,1.2,11.0,0.15,7,0.5,analytic,678.8475834550701,True,pass
752,225,1.2,11.0,0.5,1,0.0,cie_s026,1129.7149567609301,True,pass
753,225,1.2,11.0,0.5,1,0.0,analytic,1141.1445862642834,True,pass
754,225,1.2,11.0,0.5,1,0.5,cie_s026,384.9336437171364,True,pass
755,225,1.2,11.0,0.5,1,0.5,analytic,388.8281207307693,True,pass
756,225,1.2,11.0,0.5,7,0.0,cie_s026,1813.142133832569,True,pass
757,225,1.2,11.0,0.5,7,0.0,analytic,1831.486179560744,True,pass
758,225,1.2,11.0,0.5,7,0.5,cie_s026,612.5717015870157,True,pass
759,225,1.2,11.0,0.5,7,0.5,analytic,618.7692539443401,True,pass
760,225,1.2,11.0,0.85,1,0.0,cie_s026,965.2484607603435,True,pass
761,225,1.2,11.0,0.85,1,0.0,analytic,975.0141385706157,True,pass
762,225,1.2,11.0,0.85,1,0.5,cie_s026,330.1757071703287,True,pass
763,225,1.2,11.0,0.85,1,0.5,analytic,333.5161834394794,True,pass
764,225,1.2,11.0,0.85,7,0.0,cie_s026,1662.356230433548,True,pass
765,225,1.2,11.0,0.85,7,0.0,analytic,1679.1747346967145,True,pass
766,225,1.2,11.0,0.85,7,0.5,cie_s026,567.3302523732948,True,pass
767,225,1.2,11.0,0.85,7,0.5,analytic,573.0700848433033,True,pass
768,225,1.2,13.0,0.15,1,0.0,cie_s026,1928.389828024488,True,pass
769,225,1.2,13.0,0.15,1,0.0,analytic,1947.8998656144563,True,pass
770,225,1.2,13.0,0.15,1,0.5,cie_s026,759.0544314681324,True,pass
771,225,1.2,13.0,0.15,1,0.5,analytic,766.7339889287452,True,pass
772,225,1.2,13.0,0.15,7,0.0,cie_s026,2900.7354814583687,True,pass
773,225,1.2,13.0,0.15,7,0.0,analytic,2930.0830010622153,True,pass
774,225,1.2,13.0,0.15,7,0.5,cie_s026,1096.7404453482686,True,pass
775,225,1.2,13.0,0.15,7,0.5,analytic,1107.836462867249,True,pass
776,225,1.2,13.0,0.5,1,0.0,cie_s026,1551.8769591806868,True,pass
777,225,1.2,13.0,0.5,1,0.0,analytic,1567.5777149970759,True,pass
778,225,1.2,13.0,0.5,1,0.5,cie_s026,597.1412226952618,True,pass
779,225,1.2,13.0,0.5,1,0.5,analytic,603.1826607551375,True,pass
780,225,1.2,13.0,0.5,7,0.0,cie_s026,2421.9186654906603,True,pass
781,225,1.2,13.0,0.5,7,0.0,analytic,2446.4218668231288,True,pass
782,225,1.2,13.0,0.5,7,0.5,cie_s026,898.4310239291565,True,pass
783,225,1.2,13.0,0.5,7,0.5,analytic,907.5206917930491,True,pass
784,225,1.2,13.0,0.85,1,0.0,cie_s026,1161.1900973051318,True,pass
785,225,1.2,13.0,0.85,1,0.0,analytic,1172.9381692552574,True,pass
786,225,1.2,13.0,0.85,1,0.5,cie_s026,424.51395500141626,True,pass
787,225,1.2,13.0,0.85,1,0.5,analytic,428.808876650131,True,pass
788,225,1.2,13.0,0.85,7,0.0,cie_s026,1929.9923959100825,True,pass
789,225,1.2,13.0,0.85,7,0.0,analytic,1949.5186471095783,True,pass
790,225,1.2,13.0,0.85,7,0.5,cie_s026,686.6892902215645,True,pass
791,225,1.2,13.0,0.85,7,0.5,analytic,693.6367101208782,True,pass
792,225,1.5,9.0,0.15,1,0.0,cie_s026,723.8804161547095,True,pass
793,225,1.5,9.0,0.15,1,0.0,analytic,731.2041086595016,True,pass
794,225,1.5,9.0,0.15,1,0.5,cie_s026,238.05626399977555,False,fail
795,225,1.5,9.0,0.15,1,0.5,analytic,240.46474313177814,False,fail
796,225,1.5,9.0,0.15,7,0.0,cie_s026,1386.4601222261067,True,pass
797,225,1.5,9.0,0.15,7,0.0,analytic,1400.4873114948523,True,pass
798,225,1.5,9.0,0.15,7,0.5,cie_s026,439.37955968807233,True,pass
799,225,1.5,9.0,0.15,7,0.5,analytic,443.82488065025547,True,pass
800,225,1.5,9.0,0.5,1,0.0,cie_s026,585.3585436791619,True,pass
801,225,1.5,9.0,0.5,1,0.0,analytic,591.2807732122274,True,pass
802,225,1.5,9.0,0.5,1,0.5,cie_s026,198.33693218646093,False,fail
803,225,1.5,9.0,0.5,1,0.5,analytic,200.3435601753676,False,fail
804,225,1.5,9.0,0.5,7,0.0,cie_s026,1189.6286426177148,True,pass
805,225,1.5,9.0,0.5,7,0.0,analytic,1201.6644349654432,True,pass
806,225,1.5,9.0,0.5,7,0.5,cie_s026,395.20504414142107,True,pass
807,225,1.5,9.0,0.5,7,0.5,analytic,399.20343967062956,True,pass
808,225,1.5,9.0,0.85,1,0.0,cie_s026,448.70661004143597,True,pass
809,225,1.5,9.0,0.85,1,0.0,analytic,453.2462952760049,True,pass
810,225,1.5,9.0,0.85,1,0.5,cie_s026,160.67508389366054,False,fail
811,225,1.5,9.0,0.85,1,0.5,analytic,162.30067685260494,False,fail
812,225,1.5,9.0,0.85,7,0.0,cie_s026,1000.3957942894282,True,pass
813,225,1.5,9.0,0.85,7,0.0,analytic,1010.5170671087459,True,pass
814,225,1.5,9.0,0.85,7,0.5,cie_s026,359.36166421217064,True,pass
815,225,1.5,9.0,0.85,7,0.5,analytic,362.99742264404097,True,pass
816,225,1.5,11.0,0.15,1,0.0,cie_s026,1309.3984695897086,True,pass
817,225,1.5,11.0,0.15,1,0.0,analytic,1322.6460054305883,True,pass
818,225,1.5,11.0,0.15,1,0.5,cie_s026,435.37119458250777,True,pass
819,225,1.5,11.0,0.15,1,0.5,analytic,439.77596183882326,True,pass
820,225,1.5,11.0,0.15,7,0.0,cie_s026,2016.384368859208,True,pass
821,225,1.5,11.0,0.15,7,0.0,analytic,2036.7846708420125,True,pass
822,225,1.5,11.0,0.15,7,0.5,cie_s026,654.540338298384,True,pass
823,225,1.5,11.0,0.15,7,0.5,analytic,661.1624986203113,True,pass
824,225,1.5,11.0,0.5,1,0.0,cie_s026,1096.9446256754113,True,pass
825,225,1.5,11.0,0.5,1,0.0,analytic,1108.0427089415762,True,pass
826,225,1.5,11.0,0.5,1,0.5,cie_s026,376.6633886016337,True,pass
827,225,1.5,11.0,0.5,1,0.5,analytic,380.47419322401186,True,pass
828,225,1.5,11.0,0.5,7,0.0,cie_s026,1765.4919482224097,True,pass
829,225,1.5,11.0,0.5,7,0.0,analytic,1783.3539042304915,True,pass
830,225,1.5,11.0,0.5,7,0.5,cie_s026,598.8114145894792,True,pass
831,225,1.5,11.0,0.5,7,0.5,analytic,604.8697504291321,True,pass
832,225,1.5,11.0,0.85,1,0.0,cie_s026,890.557890556877,True,pass
833,225,1.5,11.0,0.85,1,0.0,analytic,899.5679038168033,True,pass
834,225,1.5,11.0,0.85,1,0.5,cie_s026,324.6110092522799,True,pass
835,225,1.5,11.0,0.85,1,0.5,analytic,327.89518597868255,True,pass
836,225,1.5,11.0,0.85,7,0.0,cie_s026,1528.070694977907,True,pass
837,225,1.5,11.0,0.85,7,0.0,analytic,1543.5305964282734,True,pass
838,225,1.5,11.0,0.85,7,0.5,cie_s026,557.8343422680388,True,pass
839,225,1.5,11.0,0.85,7,0.5,analytic,563.4781020662192,True,pass
840,225,1.5,13.0,0.15,1,0.0,cie_s026,1892.0024016602788,True,pass
841,225,1.5,13.0,0.15,1,0.0,analytic,1911.1442978890705,True,pass
842,225,1.5,13.0,0.15,1,0.5,cie_s026,750.9724024165812,True,pass
843,225,1.5,13.0,0.15,1,0.5,analytic,758.5701918195598,True,pass
844,225,1.5,13.0,0.15,7,0.0,cie_s026,2796.367727671379,True,pass
845,225,1.5,13.0,0.15,7,0.0,analytic,2824.6593306913624,True,pass
846,225,1.5,13.0,0.15,7,0.5,cie_s026,1083.1593526534855,True,pass
847,225,1.5,13.0,0.15,7,0.5,analytic,1094.1179666116623,True,pass
848,225,1.5,13.0,0.5,1,0.0,cie_s026,1494.4860397104185,True,pass
849,225,1.5,13.0,0.5,1,0.0,analytic,1509.6061561872323,True,pass
850,225,1.5,13.0,0.5,1,0.5,cie_s026,590.5995900038249,True,pass
851,225,1.5,13.0,0.5,1,0.5,analytic,596.5748446095799,True,pass
852,225,1.5,13.0,0.5,7,0.0,cie_s026,2292.2163811466476,True,pass
853,225,1.5,13.0,0.5,7,0.0,analytic,2315.4073496482424,True,pass
854,225,1.5,13.0,0.5,7,0.5,cie_s026,887.2615984679161,True,pass
855,225,1.5,13.0,0.5,7,0.5,analytic,896.2382622558483,True,pass
856,225,1.5,13.0,0.85,1,0.0,cie_s026,1071.6827439691779,True,pass
857,225,1.5,13.0,0.85,1,0.0,analytic,1082.5252459962594,True,pass
858,225,1.5,13.0,0.85,1,0.5,cie_s026,419.58357410107357,True,pass
859,225,1.5,13.0,0.85,1,0.5,analytic,423.8286137625985,True,pass
860,225,1.5,13.0,0.85,7,0.0,cie_s026,1751.1311646680458,True,pass
861,225,1.5,13.0,0.85,7,0.0,analytic,1768.84782877358,True,pass
862,225,1.5,13.0,0.85,7,0.5,cie_s026,678.1792959157929,True,pass
863,225,1.5,13.0,0.85,7,0.5,analytic,685.040617918103,True,pass
864,270,1.2,9.0,0.15,1,0.0,cie_s026,1023.4734823080547,True,pass
865,270,1.2,9.0,0.15,1,0.0,analytic,1033.8282382925445,True,pass
866,270,1.2,9.0,0.15,1,0.5,cie_s026,281.9258006640317,True,pass
867,270,1.2,9.0,0.15,1,0.5,analytic,284.7781196757805,True,pass
868,270,1.2,9.0,0.15,7,0.0,cie_s026,1857.5939836528885,True,pass
869,270,1.2,9.0,0.15,7,0.0,analytic,1876.3877606793387,True,pass
870,270,1.2,9.0,0.15,7,0.5,cie_s026,531.8691817122815,True,pass
871,270,1.2,9.0,0.15,7,0.5,analytic,537.2502450104543,True,pass
872,270,1.2,9.0,0.5,1,0.0,cie_s026,843.6720914204398,True,pass
873,270,1.2,9.0,0.5,1,0.0,analytic,852.2077484634362,True,pass
874,270,1.2,9.0,0.5,1,0.5,cie_s026,230.87047160304186,False,fail
875,270,1.2,9.0,0.5,1,0.5,analytic,233.2062501442528,False,fail
876,270,1.2,9.0,0.5,7,0.0,cie_s026,1641.080728664952,True,pass
877,270,1.2,9.0,0.5,7,0.0,analytic,1657.6839829650567,True,pass
878,270,1.2,9.0,0.5,7,0.5,cie_s026,465.3757738236512,True,pass
879,270,1.2,9.0,0.5,7,0.5,analytic,470.08410546324575,True,pass
880,270,1.2,9.0,0.85,1,0.0,cie_s026,670.3057649890937,True,pass
881,270,1.2,9.0,0.85,1,0.0,analytic,677.0874283652727,True,pass
882,270,1.2,9.0,0.85,1,0.5,cie_s026,181.26269776282922,False,fail
883,270,1.2,9.0,0.85,1,0.5,analytic,183.09658113828485,False,fail
884,270,1.2,9.0,0.85,7,0.0,cie_s026,1450.7841940203766,True,pass
885,270,1.2,9.0,0.85,7,0.0,analytic,1465.462167192049,True,pass
886,270,1.2,9.0,0.85,7,0.5,cie_s026,404.7266731576778,True,pass
887,270,1.2,9.0,0.85,7,0.5,analytic,408.82140156384156,True,pass
888,270,1.2,11.0,0.15,1,0.0,cie_s026,1736.2227925733755,True,pass
889,270,1.2,11.0,0.15,1,0.0,analytic,1753.788624676093,True,pass
890,270,1.2,11.0,0.15,1,0.5,cie_s026,512.3037245332331,True,pass
891,270,1.2,11.0,0.15,1,0.5,analytic,517.486838848539,True,pass
892,270,1.2,11.0,0.15,7,0.0,cie_s026,2668.4194448241947,True,pass
893,270,1.2,11.0,0.15,7,0.0,analytic,2695.416560717331,True,pass
894,270,1.2,11.0,0.15,7,0.5,cie_s026,781.089431714472,True,pass
895,270,1.2,11.0,0.15,7,0.5,analytic,788.9919231881424,True,pass
896,270,1.2,11.0,0.5,1,0.0,cie_s026,1497.3702098237243,True,pass
897,270,1.2,11.0,0.5,1,0.0,analytic,1512.5195062238652,True,pass
898,270,1.2,11.0,0.5,1,0.5,cie_s026,435.10878736013177,True,pass
899,270,1.2,11.0,0.5,1,0.5,analytic,439.51089977213206,True,pass
900,270,1.2,11.0,0.5,7,0.0,cie_s026,2414.184411960742,True,pass
901,270,1.2,11.0,0.5,7,0.0,analytic,2438.6093637738936,True,pass
902,270,1.2,11.0,0.5,7,0.5,cie_s026,696.6333390699983,True,pass
903,270,1.2,11.0,0.5,7,0.5,analytic,703.6813655811131,True,pass
904,270,1.2,11.0,0.85,1,0.0,cie_s026,1279.4420878711053,True,pass
905,270,1.2,11.0,0.85,1,0.0,analytic,1292.3865469559805,True,pass
906,270,1.2,11.0,0.85,1,0.5,cie_s026,362.58467662117636,True,pass
907,270,1.2,11.0,0.85,1,0.5,analytic,366.2530431348457,True,pass
908,270,1.2,11.0,0.85,7,0.0,cie_s026,2206.471304279239,True,pass
909,270,1.2,11.0,0.85,7,0.0,analytic,2228.7947668188517,True,pass
910,270,1.2,11.0,0.85,7,0.5,cie_s026,622.5150461602296,True,pass
911,270,1.2,11.0,0.85,7,0.5,analytic,628.8131980040138,True,pass
912,270,1.2,13.0,0.15,1,0.0,cie_s026,2335.331191222492,True,pass
913,270,1.2,13.0,0.15,1,0.0,analytic,2358.958363832323,True,pass
914,270,1.2,13.0,0.15,1,0.5,cie_s026,800.4061372386194,True,pass
915,270,1.2,13.0,0.15,1,0.5,analytic,808.5040610078836,True,pass
916,270,1.2,13.0,0.15,7,0.0,cie_s026,3611.9776184666616,True,pass
917,270,1.2,13.0,0.15,7,0.0,analytic,3648.5209657122755,True,pass
918,270,1.2,13.0,0.15,7,0.5,cie_s026,1169.513215814469,True,pass
919,270,1.2,13.0,0.15,7,0.5,analytic,1181.3454949889967,True,pass
920,270,1.2,13.0,0.5,1,0.0,cie_s026,1910.5547314621228,True,pass
921,270,1.2,13.0,0.5,1,0.0,analytic,1929.8843265921198,True,pass
922,270,1.2,13.0,0.5,1,0.5,cie_s026,630.9933303901257,True,pass
923,270,1.2,13.0,0.5,1,0.5,analytic,637.3772593115629,True,pass
924,270,1.2,13.0,0.5,7,0.0,cie_s026,3055.5664068141027,True,pass
925,270,1.2,13.0,0.5,7,0.0,analytic,3086.48039245603,True,pass
926,270,1.2,13.0,0.5,7,0.5,cie_s026,958.4393853392588,True,pass
927,270,1.2,13.0,0.5,7,0.5,analytic,968.1361739055163,True,pass
928,270,1.2,13.0,0.85,1,0.0,cie_s026,1480.275083339838,True,pass
929,270,1.2,13.0,0.85,1,0.0,analytic,1495.2514237559453,True,pass
930,270,1.2,13.0,0.85,1,0.5,cie_s026,450.56777338857,True,pass
931,270,1.2,13.0,0.85,1,0.5,analytic,455.12628851237395,True,pass
932,270,1.2,13.0,0.85,7,0.0,cie_s026,2502.426000524303,True,pass
933,270,1.2,13.0,0.85,7,0.0,analytic,2527.7437161784865,True,pass
934,270,1.2,13.0,0.85,7,0.5,cie_s026,732.4551083399564,True,pass
935,270,1.2,13.0,0.85,7,0.5,analytic,739.8655533075677,True,pass
936,270,1.5,9.0,0.15,1,0.0,cie_s026,912.1984472281993,True,pass
937,270,1.5,9.0,0.15,1,0.0,analytic,921.4274038096415,True,pass
938,270,1.5,9.0,0.15,1,0.5,cie_s026,273.6115132208689,True,pass
939,270,1.5,9.0,0.15,1,0.5,analytic,276.379714354483,True,pass
940,270,1.5,9.0,0.15,7,0.0,cie_s026,1775.4184875320204,True,pass
941,270,1.5,9.0,0.15,7,0.0,analytic,1793.3808730031983,True,pass
942,270,1.5,9.0,0.15,7,0.5,cie_s026,514.6964943862248,True,pass
943,270,1.5,9.0,0.15,7,0.5,analytic,519.9038169965019,True,pass
944,270,1.5,9.0,0.5,1,0.0,cie_s026,727.7768842504441,True,pass
945,270,1.5,9.0,0.5,1,0.0,analytic,735.1399983690153,True,pass
946,270,1.5,9.0,0.5,1,0.5,cie_s026,224.58762330375282,False,fail
947,270,1.5,9.0,0.5,1,0.5,analytic,226.85983658201235,False,fail
948,270,1.5,9.0,0.5,7,0.0,cie_s026,1492.5665051526153,True,pass
949,270,1.5,9.0,0.5,7,0.0,analytic,1507.667201182985,True,pass
950,270,1.5,9.0,0.5,7,0.5,cie_s026,452.01353800854645,True,pass
951,270,1.5,9.0,0.5,7,0.5,analytic,456.5866803211439,True,pass
952,270,1.5,9.0,0.85,1,0.0,cie_s026,543.2818312912702,True,pass
953,270,1.5,9.0,0.85,1,0.0,analytic,548.778359429099,True,pass
954,270,1.5,9.0,0.85,1,0.5,cie_s026,177.0986093598393,False,fail
955,270,1.5,9.0,0.85,1,0.5,analytic,178.89036353502138,False,fail
956,270,1.5,9.0,0.85,7,0.0,cie_s026,1209.4148854938421,True,pass
957,270,1.5,9.0,0.85,7,0.0,analytic,1221.6508605726074,True,pass
958,270,1.5,9.0,0.85,7,0.5,cie_s026,395.5279825661763,True,pass
959,270,1.5,9.0,0.85,7,0.5,analytic,399.52964535012484,True,pass
960,270,1.5,11.0,0.15,1,0.0,cie_s026,1641.9524421790484,True,pass
961,270,1.5,11.0,0.15,1,0.0,analytic,1658.5645158387974,True,pass
962,270,1.5,11.0,0.15,1,0.5,cie_s026,497.62810952285395,True,pass
963,270,1.5,11.0,0.15,1,0.5,analytic,502.6627467012515,True,pass
964,270,1.5,11.0,0.15,7,0.0,cie_s026,2555.5223635628354,True,pass
965,270,1.5,11.0,0.15,7,0.0,analytic,2581.3772693762476,True,pass
966,270,1.5,11.0,0.15,7,0.5,cie_s026,757.2936520393501,True,pass
967,270,1.5,11.0,0.15,7,0.5,analytic,764.9553952217792,True,pass
968,270,1.5,11.0,0.5,1,0.0,cie_s026,1355.3902553017701,True,pass
969,270,1.5,11.0,0.5,1,0.0,analytic,1369.1031023857563,True,pass
970,270,1.5,11.0,0.5,1,0.5,cie_s026,423.7134778299546,True,pass
971,270,1.5,11.0,0.5,1,0.5,analytic,428.00030083622784,True,pass
972,270,1.5,11.0,0.5,7,0.0,cie_s026,2194.032406817127,True,pass
973,270,1.5,11.0,0.5,7,0.0,analytic,2216.230021691741,True,pass
974,270,1.5,11.0,0.5,7,0.5,cie_s026,677.7367019328717,True,pass
975,270,1.5,11.0,0.5,7,0.5,analytic,684.5935460930368,True,pass
976,270,1.5,11.0,0.85,1,0.0,cie_s026,1068.5890057940953,True,pass
977,270,1.5,11.0,0.85,1,0.0,analytic,1079.4002076415077,True,pass
978,270,1.5,11.0,0.85,1,0.5,cie_s026,354.7518025612728,True,pass
979,270,1.5,11.0,0.85,1,0.5,analytic,358.34092178524725,True,pass
980,270,1.5,11.0,0.85,7,0.0,cie_s026,1832.010085594574,True,pass
981,270,1.5,11.0,0.85,7,0.0,analytic,1850.5450234560578,True,pass
982,270,1.5,11.0,0.85,7,0.5,cie_s026,609.1424748167029,True,pass
983,270,1.5,11.0,0.85,7,0.5,analytic,615.3053327661742,True,pass
984,270,1.5,13.0,0.15,1,0.0,cie_s026,2165.843812863556,True,pass
985,270,1.5,13.0,0.15,1,0.0,analytic,2187.756236165569,True,pass
986,270,1.5,13.0,0.15,1,0.5,cie_s026,788.4021492749814,True,pass
987,270,1.5,13.0,0.15,1,0.5,analytic,796.3786254754,True,pass
988,270,1.5,13.0,0.15,7,0.0,cie_s026,3245.9297712376633,True,pass
989,270,1.5,13.0,0.15,7,0.0,analytic,3278.769714142838,True,pass
990,270,1.5,13.0,0.15,7,0.5,cie_s026,1149.763943042564,True,pass
991,270,1.5,13.0,0.15,7,0.5,analytic,1161.3964135225244,True,pass
992,270,1.5,13.0,0.5,1,0.0,cie_s026,1715.2588879337907,True,pass
993,270,1.5,13.0,0.5,1,0.0,analytic,1732.6126225852527,True,pass
994,270,1.5,13.0,0.5,1,0.5,cie_s026,621.3143190796004,True,pass
995,270,1.5,13.0,0.5,1,0.5,analytic,627.6003228451599,True,pass
996,270,1.5,13.0,0.5,7,0.0,cie_s026,2661.9455697630283,True,pass
997,270,1.5,13.0,0.5,7,0.0,analytic,2688.8771877241797,True,pass
998,270,1.5,13.0,0.5,7,0.5,cie_s026,942.2002776329882,True,pass
999,270,1.5,13.0,0.5,7,0.5,analytic,951.7327707869941,True,pass
1000,270,1.5,13.0,0.85,1,0.0,cie_s026,1236.7211175138618,True,pass
1001,270,1.5,13.0,0.85,1,0.0,analytic,1249.2333570726657,True,pass
1002,270,1.5,13.0,0.85,1,0.5,cie_s026,443.32916794394816,True,pass
1003,270,1.5,13.0,0.85,1,0.5,analytic,447.81444815317667,True,pass
1004,270,1.5,13.0,0.85,7,0.0,cie_s026,2033.151039326968,True,pass
1005,270,1.5,13.0,0.85,7,0.0,analytic,2053.7209742161126,True,pass
1006,270,1.5,13.0,0.85,7,0.5,cie_s026,720.0726201878817,True,pass
1007,270,1.5,13.0,0.85,7,0.5,analytic,727.357788198628,True,pass
1008,315,1.2,9.0,0.15,1,0.0,cie_s026,859.9746567433151,True,pass
1009,315,1.2,9.0,0.15,1,0.0,analytic,868.6752512163063,True,pass
1010,315,1.2,9.0,0.15,1,0.5,cie_s026,239.9437742492902,False,fail
1011,315,1.2,9.0,0.15,1,0.5,analytic,242.37134982921233,False,fail
1012,315,1.2,9.0,0.15,7,0.0,cie_s026,1525.659186253803,True,pass
1013,315,1.2,9.0,0.15,7,0.0,analytic,1541.0946898230088,True,pass
1014,315,1.2,9.0,0.15,7,0.5,cie_s026,442.5552511675598,True,pass
1015,315,1.2,9.0,0.15,7,0.5,analytic,447.03270145299416,True,pass
1016,315,1.2,9.0,0.5,1,0.0,cie_s026,719.1734814911335,True,pass
1017,315,1.2,9.0,0.5,1,0.0,analytic,726.4495526743001,True,pass
1018,315,1.2,9.0,0.5,1,0.5,cie_s026,200.01580731034448,False,fail
1019,315,1.2,9.0,0.5,1,0.5,analytic,202.03942092959406,False,fail
1020,315,1.2,9.0,0.5,7,0.0,cie_s026,1380.5282069114814,True,pass
1021,315,1.2,9.0,0.5,7,0.0,analytic,1394.495381400494,True,pass
1022,315,1.2,9.0,0.5,7,0.5,cie_s026,398.4070389528222,True,pass
1023,315,1.2,9.0,0.5,7,0.5,analytic,402.43782992315226,True,pass
1024,315,1.2,9.0,0.85,1,0.0,cie_s026,586.2944484035435,True,pass
1025,315,1.2,9.0,0.85,1,0.0,analytic,592.2261467359605,True,pass
1026,315,1.2,9.0,0.85,1,0.5,cie_s026,162.18779630835843,False,fail
1027,315,1.2,9.0,0.85,1,0.5,analytic,163.8286937849085,False,fail
1028,315,1.2,9.0,0.85,7,0.0,cie_s026,1267.655713700934,True,pass
1029,315,1.2,9.0,0.85,7,0.0,analytic,1280.4809268741333,True,pass
1030,315,1.2,9.0,0.85,7,0.5,cie_s026,362.7624105126126,True,pass
1031,315,1.2,9.0,0.85,7,0.5,analytic,366.43257520777644,True,pass
1032,315,1.2,11.0,0.15,1,0.0,cie_s026,1454.3428197733156,True,pass
1033,315,1.2,11.0,0.15,1,0.0,analytic,1469.0567965170872,True,pass
1034,315,1.2,11.0,0.15,1,0.5,cie_s026,438.9079011219104,True,pass
1035,315,1.2,11.0,0.15,1,0.5,analytic,443.3484501877572,True,pass
1036,315,1.2,11.0,0.15,7,0.0,cie_s026,2210.9284971336665,True,pass
1037,315,1.2,11.0,0.15,7,0.0,analytic,2233.297054289975,True,pass
1038,315,1.2,11.0,0.15,7,0.5,cie_s026,659.5661929306407,True,pass
1039,315,1.2,11.0,0.15,7,0.5,analytic,666.2392011731347,True,pass
1040,315,1.2,11.0,0.5,1,0.0,cie_s026,1276.3907847589364,True,pass
1041,315,1.2,11.0,0.5,1,0.0,analytic,1289.3043729910662,True,pass
1042,315,1.2,11.0,0.5,1,0.5,cie_s026,379.93865295112107,True,pass
1043,315,1.2,11.0,0.5,1,0.5,analytic,383.78259430220777,True,pass
1044,315,1.2,11.0,0.5,7,0.0,cie_s026,2047.2359462136524,True,pass
1045,315,1.2,11.0,0.5,7,0.0,analytic,2067.948381887035,True,pass
1046,315,1.2,11.0,0.5,7,0.5,cie_s026,603.886277300041,True,pass
1047,315,1.2,11.0,0.5,7,0.5,analytic,609.9959568881457,True,pass
1048,315,1.2,11.0,0.85,1,0.0,cie_s026,1124.1873275395567,True,pass
1049,315,1.2,11.0,0.85,1,0.0,analytic,1135.5610325341177,True,pass
1050,315,1.2,11.0,0.85,1,0.5,cie_s026,327.7625352859797,True,pass
1051,315,1.2,11.0,0.85,1,0.5,analytic,331.07859684733097,True,pass
1052,315,1.2,11.0,0.85,7,0.0,cie_s026,1940.7761151825378,True,pass
1053,315,1.2,11.0,0.85,7,0.0,analytic,1960.4114681649344,True,pass
1054,315,1.2,11.0,0.85,7,0.5,cie_s026,563.2638794346813,True,pass
1055,315,1.2,11.0,0.85,7,0.5,analytic,568.9625713180023,True,pass
1056,315,1.2,13.0,0.15,1,0.0,cie_s026,2119.6385491140645,True,pass
1057,315,1.2,13.0,0.15,1,0.0,analytic,2141.083501358355,True,pass
1058,315,1.2,13.0,0.15,1,0.5,cie_s026,759.2787705487441,True,pass
1059,315,1.2,13.0,0.15,1,0.5,analytic,766.960597708062,True,pass
1060,315,1.2,13.0,0.15,7,0.0,cie_s026,3244.4411895102394,True,pass
1061,315,1.2,13.0,0.15,7,0.0,analytic,3277.2660720344497,True,pass
1062,315,1.2,13.0,0.15,7,0.5,cie_s026,1094.7373464371753,True,pass
1063,315,1.2,13.0,0.15,7,0.5,analytic,1105.8130980667158,True,pass
1064,315,1.2,13.0,0.5,1,0.0,cie_s026,1732.3836045636026,True,pass
1065,315,1.2,13.0,0.5,1,0.0,analytic,1749.9105945705483,True,pass
1066,315,1.2,13.0,0.5,1,0.5,cie_s026,597.0924620555323,True,pass
1067,315,1.2,13.0,0.5,1,0.5,analytic,603.1334067909254,True,pass
1068,315,1.2,13.0,0.5,7,0.0,cie_s026,2747.644148739437,True,pass
1069,315,1.2,13.0,0.5,7,0.0,analytic,2775.442802230925,True,pass
1070,315,1.2,13.0,0.5,7,0.5,cie_s026,896.7351153383197,True,pass
1071,315,1.2,13.0,0.5,7,0.5,analytic,905.8076252397113,True,pass
1072,315,1.2,13.0,0.85,1,0.0,cie_s026,1340.126223180934,True,pass
1073,315,1.2,13.0,0.85,1,0.0,analytic,1353.6846399541375,True,pass
1074,315,1.2,13.0,0.85,1,0.5,cie_s026,424.1362264026423,True,pass
1075,315,1.2,13.0,0.85,1,0.5,analytic,428.4273264697174,True,pass
1076,315,1.2,13.0,0.85,7,0.0,cie_s026,2257.6795080921643,True,pass
1077,315,1.2,13.0,0.85,7,0.0,analytic,2280.521057777221,True,pass
1078,315,1.2,13.0,0.85,7,0.5,cie_s026,685.4249877449647,True,pass
1079,315,1.2,13.0,0.85,7,0.5,analytic,692.3596163567051,True,pass
1080,315,1.5,9.0,0.15,1,0.0,cie_s026,735.5790472035042,True,pass
1081,315,1.5,9.0,0.15,1,0.0,analytic,743.0210978992576,True,pass
1082,315,1.5,9.0,0.15,1,0.5,cie_s026,236.68825382986958,False,fail
1083,315,1.5,9.0,0.15,1,0.5,analytic,239.08289243572415,False,fail
1084,315,1.5,9.0,0.15,7,0.0,cie_s026,1406.9571047616566,True,pass
1085,315,1.5,9.0,0.15,7,0.0,analytic,1421.19166750538,True,pass
1086,315,1.5,9.0,0.15,7,0.5,cie_s026,434.96636762104936,True,pass
1087,315,1.5,9.0,0.15,7,0.5,analytic,439.367039134315,True,pass
1088,315,1.5,9.0,0.5,1,0.0,cie_s026,595.4813951904943,True,pass
1089,315,1.5,9.0,0.5,1,0.0,analytic,601.5060403299032,True,pass
1090,315,1.5,9.0,0.5,1,0.5,cie_s026,197.85589827982648,False,fail
1091,315,1.5,9.0,0.5,1,0.5,analytic,199.8576595195603,False,fail
1092,315,1.5,9.0,0.5,7,0.0,cie_s026,1209.2867211678551,True,pass
1093,315,1.5,9.0,0.5,7,0.0,analytic,1221.5213995737272,True,pass
1094,315,1.5,9.0,0.5,7,0.5,cie_s026,393.37072911040104,True,pass
1095,315,1.5,9.0,0.5,7,0.5,analytic,397.3505663819964,True,pass
1096,315,1.5,9.0,0.85,1,0.0,cie_s026,457.44686193313026,True,pass
1097,315,1.5,9.0,0.85,1,0.0,analytic,462.07497464251503,True,pass
1098,315,1.5,9.0,0.85,1,0.5,cie_s026,161.23146159242788,False,fail
1099,315,1.5,9.0,0.85,1,0.5,analytic,162.8626835739171,False,fail
1100,315,1.5,9.0,0.85,7,0.0,cie_s026,1020.0020021152676,True,pass
1101,315,1.5,9.0,0.85,7,0.0,analytic,1030.3216362026856,True,pass
1102,315,1.5,9.0,0.85,7,0.5,cie_s026,360.7178591274821,True,pass
1103,315,1.5,9.0,0.85,7,0.5,analytic,364.36733854739776,True,pass
1104,315,1.5,11.0,0.15,1,0.0,cie_s026,1331.104581268882,True,pass
1105,315,1.5,11.0,0.15,1,0.0,analytic,1344.571723668891,True,pass
1106,315,1.5,11.0,0.15,1,0.5,cie_s026,433.4095347160115,True,pass
1107,315,1.5,11.0,0.15,1,0.5,analytic,437.79445533282603,True,pass
1108,315,1.5,11.0,0.15,7,0.0,cie_s026,2047.9887183092155,True,pass
1109,315,1.5,11.0,0.15,7,0.0,analytic,2068.70876997998,True,pass
1110,315,1.5,11.0,0.15,7,0.5,cie_s026,649.8060006495133,True,pass
1111,315,1.5,11.0,0.15,7,0.5,analytic,656.3802624064562,True,pass
1112,315,1.5,11.0,0.5,1,0.0,cie_s026,1116.4821772959763,True,pass
1113,315,1.5,11.0,0.5,1,0.0,analytic,1127.7779272169812,True,pass
1114,315,1.5,11.0,0.5,1,0.5,cie_s026,376.2970550911589,True,pass
1115,315,1.5,11.0,0.5,1,0.5,analytic,380.10415341906486,True,pass
1116,315,1.5,11.0,0.5,7,0.0,cie_s026,1796.0897440273427,True,pass
1117,315,1.5,11.0,0.5,7,0.0,analytic,1814.2612661499356,True,pass
1118,315,1.5,11.0,0.5,7,0.5,cie_s026,597.4243008723633,True,pass
1119,315,1.5,11.0,0.5,7,0.5,analytic,603.4686029101525,True,pass
1120,315,1.5,11.0,0.85,1,0.0,cie_s026,908.5550391025374,True,pass
1121,315,1.5,11.0,0.85,1,0.0,analytic,917.7471343458549,True,pass
1122,315,1.5,11.0,0.85,1,0.5,cie_s026,326.3283143341279,True,pass
1123,315,1.5,11.0,0.85,1,0.5,analytic,329.6298654970751,True,pass
1124,315,1.5,11.0,0.85,7,0.0,cie_s026,1559.058544294893,True,pass
1125,315,1.5,11.0,0.85,7,0.0,analytic,1574.831958135867,True,pass
1126,315,1.5,11.0,0.85,7,0.5,cie_s026,560.8790325771572,True,pass
1127,315,1.5,11.0,0.85,7,0.5,analytic,566.5535963245793,True,pass
1128,315,1.5,13.0,0.15,1,0.0,cie_s026,1937.2792566157498,True,pass
1129,315,1.5,13.0,0.15,1,0.0,analytic,1956.8792309412518,True,pass
1130,315,1.5,13.0,0.15,1,0.5,cie_s026,761.2406368259092,True,pass
1131,315,1.5,13.0,0.15,1,0.5,analytic,768.9423127130402,True,pass
1132,315,1.5,13.0,0.15,7,0.0,cie_s026,2860.2929893649875,True,pass
1133,315,1.5,13.0,0.15,7,0.0,analytic,2889.231341419044,True,pass
1134,315,1.5,13.0,0.15,7,0.5,cie_s026,1095.4980501183504,True,pass
1135,315,1.5,13.0,0.15,7,0.5,analytic,1106.5814979912536,True,pass
1136,315,1.5,13.0,0.5,1,0.0,cie_s026,1529.946701202661,True,pass
1137,315,1.5,13.0,0.5,1,0.0,analytic,1545.4255827116401,True,pass
1138,315,1.5,13.0,0.5,1,0.5,cie_s026,598.426925054796,True,pass
1139,315,1.5,13.0,0.5,1,0.5,analytic,604.4813709106056,True,pass
1140,315,1.5,13.0,0.5,7,0.0,cie_s026,2344.5279955803912,True,pass
1141,315,1.5,13.0,0.5,7,0.0,analytic,2368.2482147289056,True,pass
1142,315,1.5,13.0,0.5,7,0.5,cie_s026,897.2975565982057,True,pass
1143,315,1.5,13.0,0.5,7,0.5,analytic,906.3757568688179,True,pass
1144,315,1.5,13.0,0.85,1,0.0,cie_s026,1096.6565283465386,True,pass
1145,315,1.5,13.0,0.85,1,0.0,analytic,1107.751696854684,True,pass
1146,315,1.5,13.0,0.85,1,0.5,cie_s026,424.7699708271817,True,pass
1147,315,1.5,13.0,0.85,1,0.5,analytic,429.06748265673633,True,pass
1148,315,1.5,13.0,0.85,7,0.0,cie_s026,1791.1168390829102,True,pass
1149,315,1.5,13.0,0.85,7,0.0,analytic,1809.2380489911432,True,pass
1150,315,1.5,13.0,0.85,7,0.5,cie_s026,685.8727109285526,True,pass
1151,315,1.5,13.0,0.85,7,0.5,analytic,692.8118692759381,True,pass
